{"0.0": {"precision": 0.5063752276867031, "recall": 0.9928571428571429, "f1-score": 0.6706875753920386, "support": 280}, "1.0": {"precision": 0.8181818181818182, "recall": 0.03214285714285714, "f1-score": 0.06185567010309278, "support": 280}, "accuracy": 0.5125, "macro avg": {"precision": 0.6622785229342607, "recall": 0.5125, "f1-score": 0.3662716227475657, "support": 560}, "weighted avg": {"precision": 0.6622785229342607, "recall": 0.5125, "f1-score": 0.3662716227475657, "support": 560}}