{"0.0": {"precision": 0.5322164948453608, "recall": 0.9975845410628019, "f1-score": 0.6941176470588236, "support": 414}, "1.0": {"precision": 0.9807692307692307, "recall": 0.12318840579710146, "f1-score": 0.21888412017167383, "support": 414}, "accuracy": 0.5603864734299517, "macro avg": {"precision": 0.7564928628072958, "recall": 0.5603864734299517, "f1-score": 0.4565008836152487, "support": 828}, "weighted avg": {"precision": 0.7564928628072958, "recall": 0.5603864734299517, "f1-score": 0.4565008836152487, "support": 828}}