{"0.0": {"precision": 0.5391644908616188, "recall": 0.9975845410628019, "f1-score": 0.7, "support": 414}, "1.0": {"precision": 0.9838709677419355, "recall": 0.1473429951690821, "f1-score": 0.25630252100840334, "support": 414}, "accuracy": 0.572463768115942, "macro avg": {"precision": 0.7615177293017772, "recall": 0.572463768115942, "f1-score": 0.47815126050420165, "support": 828}, "weighted avg": {"precision": 0.7615177293017771, "recall": 0.572463768115942, "f1-score": 0.4781512605042016, "support": 828}}