{"0.0": {"precision": 0.5412844036697247, "recall": 0.9975845410628019, "f1-score": 0.7017841971112998, "support": 414}, "1.0": {"precision": 0.9846153846153847, "recall": 0.15458937198067632, "f1-score": 0.267223382045929, "support": 414}, "accuracy": 0.5760869565217391, "macro avg": {"precision": 0.7629498941425548, "recall": 0.5760869565217391, "f1-score": 0.4845037895786144, "support": 828}, "weighted avg": {"precision": 0.7629498941425548, "recall": 0.5760869565217391, "f1-score": 0.4845037895786144, "support": 828}}