{"0.0": {"precision": 0.5845921450151057, "recall": 0.979746835443038, "f1-score": 0.7322611163670766, "support": 395}, "1.0": {"precision": 0.9375, "recall": 0.3037974683544304, "f1-score": 0.45889101338432126, "support": 395}, "accuracy": 0.6417721518987342, "macro avg": {"precision": 0.7610460725075529, "recall": 0.6417721518987342, "f1-score": 0.5955760648756989, "support": 790}, "weighted avg": {"precision": 0.7610460725075527, "recall": 0.6417721518987342, "f1-score": 0.5955760648756989, "support": 790}}