{"0.0": {"precision": 0.5720221606648199, "recall": 0.9975845410628019, "f1-score": 0.727112676056338, "support": 414}, "1.0": {"precision": 0.9905660377358491, "recall": 0.2536231884057971, "f1-score": 0.40384615384615385, "support": 414}, "accuracy": 0.6256038647342995, "macro avg": {"precision": 0.7812940992003345, "recall": 0.6256038647342995, "f1-score": 0.5654794149512459, "support": 828}, "weighted avg": {"precision": 0.7812940992003344, "recall": 0.6256038647342995, "f1-score": 0.565479414951246, "support": 828}}