{"0.0": {"precision": 0.5816023738872403, "recall": 0.9924050632911392, "f1-score": 0.7333956969130028, "support": 395}, "1.0": {"precision": 0.9741379310344828, "recall": 0.28607594936708863, "f1-score": 0.44227005870841485, "support": 395}, "accuracy": 0.6392405063291139, "macro avg": {"precision": 0.7778701524608616, "recall": 0.6392405063291139, "f1-score": 0.5878328778107088, "support": 790}, "weighted avg": {"precision": 0.7778701524608617, "recall": 0.6392405063291139, "f1-score": 0.5878328778107088, "support": 790}}