{"0.0": {"precision": 0.5443213296398892, "recall": 0.9949367088607595, "f1-score": 0.7036705461056401, "support": 395}, "1.0": {"precision": 0.9705882352941176, "recall": 0.1670886075949367, "f1-score": 0.28509719222462204, "support": 395}, "accuracy": 0.5810126582278481, "macro avg": {"precision": 0.7574547824670035, "recall": 0.5810126582278481, "f1-score": 0.49438386916513105, "support": 790}, "weighted avg": {"precision": 0.7574547824670034, "recall": 0.5810126582278481, "f1-score": 0.49438386916513105, "support": 790}}