{"0.0": {"precision": 0.5740223463687151, "recall": 0.9927536231884058, "f1-score": 0.727433628318584, "support": 414}, "1.0": {"precision": 0.9732142857142857, "recall": 0.2632850241545894, "f1-score": 0.41444866920152096, "support": 414}, "accuracy": 0.6280193236714976, "macro avg": {"precision": 0.7736183160415004, "recall": 0.6280193236714976, "f1-score": 0.5709411487600525, "support": 828}, "weighted avg": {"precision": 0.7736183160415003, "recall": 0.6280193236714976, "f1-score": 0.5709411487600525, "support": 828}}