{"0.0": {"precision": 0.5842026825633383, "recall": 0.9924050632911392, "f1-score": 0.7354596622889306, "support": 395}, "1.0": {"precision": 0.9747899159663865, "recall": 0.2936708860759494, "f1-score": 0.45136186770428016, "support": 395}, "accuracy": 0.6430379746835443, "macro avg": {"precision": 0.7794962992648624, "recall": 0.6430379746835443, "f1-score": 0.5934107649966054, "support": 790}, "weighted avg": {"precision": 0.7794962992648624, "recall": 0.6430379746835443, "f1-score": 0.5934107649966054, "support": 790}}