{"0.0": {"precision": 0.5420689655172414, "recall": 0.9949367088607595, "f1-score": 0.7017857142857143, "support": 395}, "1.0": {"precision": 0.9692307692307692, "recall": 0.15949367088607594, "f1-score": 0.27391304347826084, "support": 395}, "accuracy": 0.5772151898734177, "macro avg": {"precision": 0.7556498673740053, "recall": 0.5772151898734177, "f1-score": 0.4878493788819876, "support": 790}, "weighted avg": {"precision": 0.7556498673740053, "recall": 0.5772151898734177, "f1-score": 0.48784937888198765, "support": 790}}