{"0.0": {"precision": 0.5348837209302325, "recall": 1.0, "f1-score": 0.6969696969696969, "support": 414}, "1.0": {"precision": 1.0, "recall": 0.13043478260869565, "f1-score": 0.23076923076923078, "support": 414}, "accuracy": 0.5652173913043478, "macro avg": {"precision": 0.7674418604651163, "recall": 0.5652173913043478, "f1-score": 0.4638694638694638, "support": 828}, "weighted avg": {"precision": 0.7674418604651163, "recall": 0.5652173913043478, "f1-score": 0.4638694638694638, "support": 828}}