{"0.0": {"precision": 0.5314505776636713, "recall": 1.0, "f1-score": 0.6940486169321038, "support": 414}, "1.0": {"precision": 1.0, "recall": 0.11835748792270531, "f1-score": 0.2116630669546436, "support": 414}, "accuracy": 0.5591787439613527, "macro avg": {"precision": 0.7657252888318357, "recall": 0.5591787439613527, "f1-score": 0.4528558419433737, "support": 828}, "weighted avg": {"precision": 0.7657252888318357, "recall": 0.5591787439613527, "f1-score": 0.45285584194337375, "support": 828}}