{"0.0": {"precision": 0.5868263473053892, "recall": 0.9924050632911392, "f1-score": 0.7375352775164628, "support": 395}, "1.0": {"precision": 0.9754098360655737, "recall": 0.3012658227848101, "f1-score": 0.46034816247582205, "support": 395}, "accuracy": 0.6468354430379747, "macro avg": {"precision": 0.7811180916854814, "recall": 0.6468354430379747, "f1-score": 0.5989417199961424, "support": 790}, "weighted avg": {"precision": 0.7811180916854815, "recall": 0.6468354430379747, "f1-score": 0.5989417199961424, "support": 790}}