{"0.0": {"precision": 0.5842185128983308, "recall": 0.9746835443037974, "f1-score": 0.7305502846299812, "support": 395}, "1.0": {"precision": 0.9236641221374046, "recall": 0.30632911392405066, "f1-score": 0.4600760456273764, "support": 395}, "accuracy": 0.640506329113924, "macro avg": {"precision": 0.7539413175178677, "recall": 0.640506329113924, "f1-score": 0.5953131651286788, "support": 790}, "weighted avg": {"precision": 0.7539413175178677, "recall": 0.640506329113924, "f1-score": 0.5953131651286788, "support": 790}}