{"0.0": {"precision": 0.49302915082382764, "recall": 0.9396135265700483, "f1-score": 0.6467165419783875, "support": 414}, "1.0": {"precision": 0.358974358974359, "recall": 0.033816425120772944, "f1-score": 0.06181015452538631, "support": 414}, "accuracy": 0.4867149758454106, "macro avg": {"precision": 0.4260017548990933, "recall": 0.4867149758454106, "f1-score": 0.3542633482518869, "support": 828}, "weighted avg": {"precision": 0.4260017548990933, "recall": 0.4867149758454106, "f1-score": 0.3542633482518869, "support": 828}}