{"0.0": {"precision": 0.5796897038081805, "recall": 0.9927536231884058, "f1-score": 0.7319679430097952, "support": 414}, "1.0": {"precision": 0.9747899159663865, "recall": 0.28019323671497587, "f1-score": 0.43527204502814265, "support": 414}, "accuracy": 0.6364734299516909, "macro avg": {"precision": 0.7772398098872835, "recall": 0.6364734299516908, "f1-score": 0.5836199940189689, "support": 828}, "weighted avg": {"precision": 0.7772398098872835, "recall": 0.6364734299516909, "f1-score": 0.5836199940189689, "support": 828}}