{"0.0": {"precision": 0.5377604166666666, "recall": 0.9975845410628019, "f1-score": 0.6988155668358714, "support": 414}, "1.0": {"precision": 0.9833333333333333, "recall": 0.14251207729468598, "f1-score": 0.24894514767932485, "support": 414}, "accuracy": 0.5700483091787439, "macro avg": {"precision": 0.760546875, "recall": 0.5700483091787439, "f1-score": 0.47388035725759814, "support": 828}, "weighted avg": {"precision": 0.7605468749999998, "recall": 0.5700483091787439, "f1-score": 0.47388035725759814, "support": 828}}