{"0.0": {"precision": 0.5582922824302134, "recall": 0.9798270893371758, "f1-score": 0.711297071129707, "support": 347}, "1.0": {"precision": 0.9176470588235294, "recall": 0.22478386167146974, "f1-score": 0.3611111111111111, "support": 347}, "accuracy": 0.6023054755043228, "macro avg": {"precision": 0.7379696706268715, "recall": 0.6023054755043228, "f1-score": 0.536204091120409, "support": 694}, "weighted avg": {"precision": 0.7379696706268715, "recall": 0.6023054755043228, "f1-score": 0.536204091120409, "support": 694}}