{"0.0": {"precision": 0.5575364667747164, "recall": 0.9913544668587896, "f1-score": 0.7136929460580912, "support": 347}, "1.0": {"precision": 0.961038961038961, "recall": 0.2132564841498559, "f1-score": 0.3490566037735849, "support": 347}, "accuracy": 0.6023054755043228, "macro avg": {"precision": 0.7592877139068387, "recall": 0.6023054755043228, "f1-score": 0.5313747749158381, "support": 694}, "weighted avg": {"precision": 0.7592877139068386, "recall": 0.6023054755043228, "f1-score": 0.5313747749158381, "support": 694}}