{"0.0": {"precision": 0.5238095238095238, "recall": 0.990990990990991, "f1-score": 0.6853582554517134, "support": 333}, "1.0": {"precision": 0.9166666666666666, "recall": 0.0990990990990991, "f1-score": 0.17886178861788618, "support": 333}, "accuracy": 0.545045045045045, "macro avg": {"precision": 0.7202380952380952, "recall": 0.545045045045045, "f1-score": 0.43211002203479976, "support": 666}, "weighted avg": {"precision": 0.7202380952380952, "recall": 0.545045045045045, "f1-score": 0.43211002203479976, "support": 666}}