{"0.0": {"precision": 0.5347758887171561, "recall": 0.9971181556195965, "f1-score": 0.6961770623742455, "support": 347}, "1.0": {"precision": 0.9787234042553191, "recall": 0.13256484149855907, "f1-score": 0.23350253807106597, "support": 347}, "accuracy": 0.5648414985590778, "macro avg": {"precision": 0.7567496464862375, "recall": 0.5648414985590777, "f1-score": 0.4648398002226557, "support": 694}, "weighted avg": {"precision": 0.7567496464862377, "recall": 0.5648414985590778, "f1-score": 0.4648398002226557, "support": 694}}