{"0.0": {"precision": 0.5262321144674086, "recall": 0.993993993993994, "f1-score": 0.6881496881496881, "support": 333}, "1.0": {"precision": 0.9459459459459459, "recall": 0.10510510510510511, "f1-score": 0.18918918918918917, "support": 333}, "accuracy": 0.5495495495495496, "macro avg": {"precision": 0.7360890302066773, "recall": 0.5495495495495496, "f1-score": 0.43866943866943864, "support": 666}, "weighted avg": {"precision": 0.7360890302066773, "recall": 0.5495495495495496, "f1-score": 0.43866943866943864, "support": 666}}