{"0.0": {"precision": 0.5372670807453416, "recall": 0.9971181556195965, "f1-score": 0.6982845610494449, "support": 347}, "1.0": {"precision": 0.98, "recall": 0.14121037463976946, "f1-score": 0.24685138539042822, "support": 347}, "accuracy": 0.569164265129683, "macro avg": {"precision": 0.7586335403726707, "recall": 0.569164265129683, "f1-score": 0.4725679732199366, "support": 694}, "weighted avg": {"precision": 0.7586335403726707, "recall": 0.569164265129683, "f1-score": 0.47256797321993654, "support": 694}}