{"0.0": {"precision": 0.5574324324324325, "recall": 0.990990990990991, "f1-score": 0.7135135135135134, "support": 333}, "1.0": {"precision": 0.9594594594594594, "recall": 0.2132132132132132, "f1-score": 0.3488943488943489, "support": 333}, "accuracy": 0.6021021021021021, "macro avg": {"precision": 0.7584459459459459, "recall": 0.6021021021021021, "f1-score": 0.5312039312039312, "support": 666}, "weighted avg": {"precision": 0.7584459459459459, "recall": 0.6021021021021021, "f1-score": 0.5312039312039312, "support": 666}}