{"0.0": {"precision": 0.5598650927487352, "recall": 0.996996996996997, "f1-score": 0.7170626349892009, "support": 333}, "1.0": {"precision": 0.9863013698630136, "recall": 0.21621621621621623, "f1-score": 0.35467980295566504, "support": 333}, "accuracy": 0.6066066066066066, "macro avg": {"precision": 0.7730832313058744, "recall": 0.6066066066066066, "f1-score": 0.535871218972433, "support": 666}, "weighted avg": {"precision": 0.7730832313058744, "recall": 0.6066066066066066, "f1-score": 0.535871218972433, "support": 666}}