{"0.0": {"precision": 0.5570469798657718, "recall": 0.996996996996997, "f1-score": 0.7147470398277718, "support": 333}, "1.0": {"precision": 0.9857142857142858, "recall": 0.2072072072072072, "f1-score": 0.34243176178660045, "support": 333}, "accuracy": 0.6021021021021021, "macro avg": {"precision": 0.7713806327900288, "recall": 0.602102102102102, "f1-score": 0.5285894008071861, "support": 666}, "weighted avg": {"precision": 0.7713806327900287, "recall": 0.6021021021021021, "f1-score": 0.5285894008071861, "support": 666}}