{"0.0": {"precision": 0.5609756097560976, "recall": 0.9942363112391931, "f1-score": 0.7172557172557174, "support": 347}, "1.0": {"precision": 0.9746835443037974, "recall": 0.2219020172910663, "f1-score": 0.36150234741784043, "support": 347}, "accuracy": 0.6080691642651297, "macro avg": {"precision": 0.7678295770299475, "recall": 0.6080691642651297, "f1-score": 0.5393790323367789, "support": 694}, "weighted avg": {"precision": 0.7678295770299476, "recall": 0.6080691642651297, "f1-score": 0.539379032336779, "support": 694}}