{"0.0": {"precision": 0.5356037151702786, "recall": 0.9971181556195965, "f1-score": 0.6968781470292045, "support": 347}, "1.0": {"precision": 0.9791666666666666, "recall": 0.13544668587896252, "f1-score": 0.2379746835443038, "support": 347}, "accuracy": 0.5662824207492796, "macro avg": {"precision": 0.7573851909184726, "recall": 0.5662824207492795, "f1-score": 0.4674264152867541, "support": 694}, "weighted avg": {"precision": 0.7573851909184727, "recall": 0.5662824207492796, "f1-score": 0.46742641528675416, "support": 694}}