{"0.0": {"precision": 0.5433715220949263, "recall": 0.996996996996997, "f1-score": 0.7033898305084746, "support": 333}, "1.0": {"precision": 0.9818181818181818, "recall": 0.16216216216216217, "f1-score": 0.27835051546391754, "support": 333}, "accuracy": 0.5795795795795796, "macro avg": {"precision": 0.7625948519565541, "recall": 0.5795795795795795, "f1-score": 0.49087017298619606, "support": 666}, "weighted avg": {"precision": 0.7625948519565541, "recall": 0.5795795795795796, "f1-score": 0.49087017298619606, "support": 666}}