{"0.0": {"precision": 0.5372168284789643, "recall": 0.996996996996997, "f1-score": 0.6982124079915878, "support": 333}, "1.0": {"precision": 0.9791666666666666, "recall": 0.14114114114114115, "f1-score": 0.2467191601049869, "support": 333}, "accuracy": 0.5690690690690691, "macro avg": {"precision": 0.7581917475728155, "recall": 0.5690690690690691, "f1-score": 0.4724657840482873, "support": 666}, "weighted avg": {"precision": 0.7581917475728155, "recall": 0.5690690690690691, "f1-score": 0.4724657840482873, "support": 666}}