{"0.0": {"precision": 0.5380875202593193, "recall": 0.996996996996997, "f1-score": 0.6989473684210525, "support": 333}, "1.0": {"precision": 0.9795918367346939, "recall": 0.14414414414414414, "f1-score": 0.25130890052356014, "support": 333}, "accuracy": 0.5705705705705706, "macro avg": {"precision": 0.7588396784970066, "recall": 0.5705705705705706, "f1-score": 0.47512813447230634, "support": 666}, "weighted avg": {"precision": 0.7588396784970066, "recall": 0.5705705705705706, "f1-score": 0.4751281344723064, "support": 666}}