{"0.0": {"precision": 0.551948051948052, "recall": 0.9798270893371758, "f1-score": 0.7061266874350988, "support": 347}, "1.0": {"precision": 0.9102564102564102, "recall": 0.20461095100864554, "f1-score": 0.3341176470588236, "support": 347}, "accuracy": 0.5922190201729106, "macro avg": {"precision": 0.731102231102231, "recall": 0.5922190201729106, "f1-score": 0.5201221672469611, "support": 694}, "weighted avg": {"precision": 0.7311022311022312, "recall": 0.5922190201729106, "f1-score": 0.5201221672469611, "support": 694}}