{"0.0": {"precision": 0.5414710485133021, "recall": 0.9971181556195965, "f1-score": 0.7018255578093306, "support": 347}, "1.0": {"precision": 0.9818181818181818, "recall": 0.15561959654178675, "f1-score": 0.26865671641791045, "support": 347}, "accuracy": 0.5763688760806917, "macro avg": {"precision": 0.7616446151657419, "recall": 0.5763688760806917, "f1-score": 0.48524113711362055, "support": 694}, "weighted avg": {"precision": 0.7616446151657419, "recall": 0.5763688760806917, "f1-score": 0.4852411371136206, "support": 694}}