{"0.0": {"precision": 0.5407166123778502, "recall": 0.996996996996997, "f1-score": 0.7011615628299895, "support": 333}, "1.0": {"precision": 0.9807692307692307, "recall": 0.15315315315315314, "f1-score": 0.26493506493506497, "support": 333}, "accuracy": 0.575075075075075, "macro avg": {"precision": 0.7607429215735404, "recall": 0.575075075075075, "f1-score": 0.4830483138825272, "support": 666}, "weighted avg": {"precision": 0.7607429215735405, "recall": 0.575075075075075, "f1-score": 0.4830483138825272, "support": 666}}