{"0.0": {"precision": 0.5006535947712418, "recall": 1.0, "f1-score": 0.6672473867595818, "support": 383}, "1.0": {"precision": 1.0, "recall": 0.0026109660574412533, "f1-score": 0.005208333333333334, "support": 383}, "accuracy": 0.5013054830287206, "macro avg": {"precision": 0.7503267973856209, "recall": 0.5013054830287206, "f1-score": 0.3362278600464576, "support": 766}, "weighted avg": {"precision": 0.7503267973856209, "recall": 0.5013054830287206, "f1-score": 0.3362278600464576, "support": 766}}