{"0.0": {"precision": 0.5013089005235603, "recall": 1.0, "f1-score": 0.6678291194420227, "support": 383}, "1.0": {"precision": 1.0, "recall": 0.005221932114882507, "f1-score": 0.01038961038961039, "support": 383}, "accuracy": 0.5026109660574413, "macro avg": {"precision": 0.7506544502617801, "recall": 0.5026109660574413, "f1-score": 0.33910936491581656, "support": 766}, "weighted avg": {"precision": 0.7506544502617801, "recall": 0.5026109660574413, "f1-score": 0.3391093649158165, "support": 766}}