{"0.0": {"precision": 0.5, "recall": 0.9973890339425587, "f1-score": 0.6660854402789887, "support": 383}, "1.0": {"precision": 0.5, "recall": 0.0026109660574412533, "f1-score": 0.005194805194805195, "support": 383}, "accuracy": 0.5, "macro avg": {"precision": 0.5, "recall": 0.5, "f1-score": 0.335640122736897, "support": 766}, "weighted avg": {"precision": 0.5, "recall": 0.5, "f1-score": 0.335640122736897, "support": 766}}