{"0.0": {"precision": 0.5170068027210885, "recall": 0.9921671018276762, "f1-score": 0.6797853309481217, "support": 383}, "1.0": {"precision": 0.9032258064516129, "recall": 0.0731070496083551, "f1-score": 0.13526570048309178, "support": 383}, "accuracy": 0.5326370757180157, "macro avg": {"precision": 0.7101163045863507, "recall": 0.5326370757180157, "f1-score": 0.4075255157156067, "support": 766}, "weighted avg": {"precision": 0.7101163045863508, "recall": 0.5326370757180157, "f1-score": 0.40752551571560675, "support": 766}}