{"0.0": {"precision": 0.4986842105263158, "recall": 0.9895561357702349, "f1-score": 0.663167104111986, "support": 383}, "1.0": {"precision": 0.3333333333333333, "recall": 0.005221932114882507, "f1-score": 0.010282776349614395, "support": 383}, "accuracy": 0.49738903394255873, "macro avg": {"precision": 0.41600877192982455, "recall": 0.49738903394255873, "f1-score": 0.3367249402308002, "support": 766}, "weighted avg": {"precision": 0.4160087719298246, "recall": 0.49738903394255873, "f1-score": 0.33672494023080024, "support": 766}}