{"0.0": {"precision": 0.5019659239842726, "recall": 1.0, "f1-score": 0.668411867364747, "support": 383}, "1.0": {"precision": 1.0, "recall": 0.007832898172323759, "f1-score": 0.015544041450777202, "support": 383}, "accuracy": 0.5039164490861618, "macro avg": {"precision": 0.7509829619921363, "recall": 0.5039164490861618, "f1-score": 0.34197795440776213, "support": 766}, "weighted avg": {"precision": 0.7509829619921362, "recall": 0.5039164490861618, "f1-score": 0.3419779544077621, "support": 766}}