{"0.0": {"precision": 0.5611745513866232, "recall": 0.9913544668587896, "f1-score": 0.7166666666666667, "support": 347}, "1.0": {"precision": 0.9629629629629629, "recall": 0.22478386167146974, "f1-score": 0.3644859813084112, "support": 347}, "accuracy": 0.6080691642651297, "macro avg": {"precision": 0.762068757174793, "recall": 0.6080691642651297, "f1-score": 0.540576323987539, "support": 694}, "weighted avg": {"precision": 0.7620687571747932, "recall": 0.6080691642651297, "f1-score": 0.540576323987539, "support": 694}}