{"0.0": {"precision": 0.5782073813708261, "recall": 0.9762611275964391, "f1-score": 0.7262693156732892, "support": 337}, "1.0": {"precision": 0.9238095238095239, "recall": 0.2878338278931751, "f1-score": 0.43891402714932126, "support": 337}, "accuracy": 0.6320474777448071, "macro avg": {"precision": 0.751008452590175, "recall": 0.6320474777448071, "f1-score": 0.5825916714113053, "support": 674}, "weighted avg": {"precision": 0.7510084525901749, "recall": 0.6320474777448071, "f1-score": 0.5825916714113052, "support": 674}}