{"0.0": {"precision": 0.5780445969125214, "recall": 1.0, "f1-score": 0.7326086956521739, "support": 337}, "1.0": {"precision": 1.0, "recall": 0.27002967359050445, "f1-score": 0.42523364485981313, "support": 337}, "accuracy": 0.6350148367952523, "macro avg": {"precision": 0.7890222984562607, "recall": 0.6350148367952522, "f1-score": 0.5789211702559935, "support": 674}, "weighted avg": {"precision": 0.7890222984562606, "recall": 0.6350148367952523, "f1-score": 0.5789211702559935, "support": 674}}