{"0.0": {"precision": 0.537984496124031, "recall": 1.0, "f1-score": 0.6995967741935484, "support": 347}, "1.0": {"precision": 1.0, "recall": 0.14121037463976946, "f1-score": 0.2474747474747475, "support": 347}, "accuracy": 0.5706051873198847, "macro avg": {"precision": 0.7689922480620155, "recall": 0.5706051873198847, "f1-score": 0.47353576083414795, "support": 694}, "weighted avg": {"precision": 0.7689922480620154, "recall": 0.5706051873198847, "f1-score": 0.4735357608341479, "support": 694}}