{"0.0": {"precision": 0.5396578538102644, "recall": 1.0, "f1-score": 0.7010101010101011, "support": 347}, "1.0": {"precision": 1.0, "recall": 0.14697406340057637, "f1-score": 0.2562814070351759, "support": 347}, "accuracy": 0.5734870317002881, "macro avg": {"precision": 0.7698289269051322, "recall": 0.5734870317002881, "f1-score": 0.4786457540226385, "support": 694}, "weighted avg": {"precision": 0.7698289269051323, "recall": 0.5734870317002881, "f1-score": 0.4786457540226385, "support": 694}}