{"0.0": {"precision": 0.5421875, "recall": 1.0, "f1-score": 0.7031408308004053, "support": 347}, "1.0": {"precision": 1.0, "recall": 0.15561959654178675, "f1-score": 0.26932668329177056, "support": 347}, "accuracy": 0.5778097982708934, "macro avg": {"precision": 0.77109375, "recall": 0.5778097982708934, "f1-score": 0.48623375704608796, "support": 694}, "weighted avg": {"precision": 0.77109375, "recall": 0.5778097982708934, "f1-score": 0.48623375704608796, "support": 694}}