{"0.0": {"precision": 0.5700164744645799, "recall": 0.9971181556195965, "f1-score": 0.7253668763102725, "support": 347}, "1.0": {"precision": 0.9885057471264368, "recall": 0.2478386167146974, "f1-score": 0.3963133640552995, "support": 347}, "accuracy": 0.622478386167147, "macro avg": {"precision": 0.7792611107955083, "recall": 0.6224783861671469, "f1-score": 0.560840120182786, "support": 694}, "weighted avg": {"precision": 0.7792611107955084, "recall": 0.622478386167147, "f1-score": 0.5608401201827861, "support": 694}}