{"0.0": {"precision": 0.5803108808290155, "recall": 0.9970326409495549, "f1-score": 0.7336244541484714, "support": 337}, "1.0": {"precision": 0.9894736842105263, "recall": 0.2789317507418398, "f1-score": 0.4351851851851852, "support": 337}, "accuracy": 0.6379821958456974, "macro avg": {"precision": 0.7848922825197708, "recall": 0.6379821958456974, "f1-score": 0.5844048196668283, "support": 674}, "weighted avg": {"precision": 0.7848922825197708, "recall": 0.6379821958456974, "f1-score": 0.5844048196668282, "support": 674}}