{"0.0": {"precision": 0.5180180180180181, "recall": 0.9942363112391931, "f1-score": 0.6811451135241855, "support": 347}, "1.0": {"precision": 0.9285714285714286, "recall": 0.07492795389048991, "f1-score": 0.13866666666666666, "support": 347}, "accuracy": 0.5345821325648416, "macro avg": {"precision": 0.7232947232947233, "recall": 0.5345821325648416, "f1-score": 0.4099058900954261, "support": 694}, "weighted avg": {"precision": 0.7232947232947233, "recall": 0.5345821325648416, "f1-score": 0.40990589009542616, "support": 694}}