{"0.0": {"precision": 0.5400641025641025, "recall": 1.0, "f1-score": 0.7013527575442247, "support": 337}, "1.0": {"precision": 1.0, "recall": 0.14836795252225518, "f1-score": 0.25839793281653745, "support": 337}, "accuracy": 0.5741839762611276, "macro avg": {"precision": 0.7700320512820513, "recall": 0.5741839762611276, "f1-score": 0.47987534518038105, "support": 674}, "weighted avg": {"precision": 0.7700320512820512, "recall": 0.5741839762611276, "f1-score": 0.479875345180381, "support": 674}}