{"0.0": {"precision": 0.4900763358778626, "recall": 0.9250720461095101, "f1-score": 0.6407185628742514, "support": 347}, "1.0": {"precision": 0.3333333333333333, "recall": 0.037463976945244955, "f1-score": 0.06735751295336788, "support": 347}, "accuracy": 0.4812680115273775, "macro avg": {"precision": 0.4117048346055979, "recall": 0.4812680115273775, "f1-score": 0.35403803791380967, "support": 694}, "weighted avg": {"precision": 0.4117048346055979, "recall": 0.4812680115273775, "f1-score": 0.35403803791380967, "support": 694}}