{"0.0": {"precision": 0.5418006430868167, "recall": 1.0, "f1-score": 0.7028154327424401, "support": 337}, "1.0": {"precision": 1.0, "recall": 0.1543026706231454, "f1-score": 0.26735218508997427, "support": 337}, "accuracy": 0.5771513353115727, "macro avg": {"precision": 0.7709003215434084, "recall": 0.5771513353115727, "f1-score": 0.48508380891620717, "support": 674}, "weighted avg": {"precision": 0.7709003215434084, "recall": 0.5771513353115727, "f1-score": 0.48508380891620717, "support": 674}}