{"0.0": {"precision": 0.5697865353037767, "recall": 1.0, "f1-score": 0.7259414225941423, "support": 347}, "1.0": {"precision": 1.0, "recall": 0.24495677233429394, "f1-score": 0.3935185185185185, "support": 347}, "accuracy": 0.622478386167147, "macro avg": {"precision": 0.7848932676518883, "recall": 0.622478386167147, "f1-score": 0.5597299705563303, "support": 694}, "weighted avg": {"precision": 0.7848932676518884, "recall": 0.622478386167147, "f1-score": 0.5597299705563304, "support": 694}}