{"0.0": {"precision": 0.5863309352517986, "recall": 0.9673590504451038, "f1-score": 0.7301231802911534, "support": 337}, "1.0": {"precision": 0.9067796610169492, "recall": 0.31750741839762614, "f1-score": 0.4703296703296704, "support": 337}, "accuracy": 0.642433234421365, "macro avg": {"precision": 0.7465552981343739, "recall": 0.642433234421365, "f1-score": 0.6002264253104119, "support": 674}, "weighted avg": {"precision": 0.7465552981343739, "recall": 0.642433234421365, "f1-score": 0.6002264253104119, "support": 674}}