{"0.0": {"precision": 0.5426731078904992, "recall": 1.0, "f1-score": 0.7035490605427974, "support": 337}, "1.0": {"precision": 1.0, "recall": 0.1572700296735905, "f1-score": 0.2717948717948718, "support": 337}, "accuracy": 0.5786350148367952, "macro avg": {"precision": 0.7713365539452496, "recall": 0.5786350148367952, "f1-score": 0.48767196616883457, "support": 674}, "weighted avg": {"precision": 0.7713365539452496, "recall": 0.5786350148367952, "f1-score": 0.48767196616883457, "support": 674}}