{"0.0": {"precision": 0.5392, "recall": 1.0, "f1-score": 0.7006237006237006, "support": 337}, "1.0": {"precision": 1.0, "recall": 0.14540059347181009, "f1-score": 0.2538860103626943, "support": 337}, "accuracy": 0.5727002967359051, "macro avg": {"precision": 0.7696000000000001, "recall": 0.5727002967359051, "f1-score": 0.47725485549319746, "support": 674}, "weighted avg": {"precision": 0.7696, "recall": 0.5727002967359051, "f1-score": 0.47725485549319746, "support": 674}}