{"0.0": {"precision": 0.5034013605442177, "recall": 0.9833887043189369, "f1-score": 0.6659167604049494, "support": 301}, "1.0": {"precision": 0.6428571428571429, "recall": 0.029900332225913623, "f1-score": 0.05714285714285714, "support": 301}, "accuracy": 0.5066445182724253, "macro avg": {"precision": 0.5731292517006803, "recall": 0.5066445182724253, "f1-score": 0.3615298087739033, "support": 602}, "weighted avg": {"precision": 0.5731292517006803, "recall": 0.5066445182724253, "f1-score": 0.3615298087739033, "support": 602}}