{"0.0": {"precision": 0.5076660988074957, "recall": 0.9900332225913622, "f1-score": 0.6711711711711711, "support": 301}, "1.0": {"precision": 0.8, "recall": 0.03986710963455149, "f1-score": 0.07594936708860758, "support": 301}, "accuracy": 0.5149501661129569, "macro avg": {"precision": 0.6538330494037479, "recall": 0.5149501661129569, "f1-score": 0.3735602691298893, "support": 602}, "weighted avg": {"precision": 0.653833049403748, "recall": 0.5149501661129569, "f1-score": 0.3735602691298894, "support": 602}}