{"0.0": {"precision": 0.5050847457627119, "recall": 0.9900332225913622, "f1-score": 0.6689113355780022, "support": 301}, "1.0": {"precision": 0.75, "recall": 0.029900332225913623, "f1-score": 0.05750798722044729, "support": 301}, "accuracy": 0.5099667774086378, "macro avg": {"precision": 0.627542372881356, "recall": 0.5099667774086379, "f1-score": 0.3632096613992247, "support": 602}, "weighted avg": {"precision": 0.6275423728813561, "recall": 0.5099667774086378, "f1-score": 0.3632096613992248, "support": 602}}