{"0.0": {"precision": 0.5787106446776612, "recall": 1.0, "f1-score": 0.7331433998100666, "support": 386}, "1.0": {"precision": 1.0, "recall": 0.27202072538860106, "f1-score": 0.42769857433808556, "support": 386}, "accuracy": 0.6360103626943006, "macro avg": {"precision": 0.7893553223388305, "recall": 0.6360103626943006, "f1-score": 0.5804209870740761, "support": 772}, "weighted avg": {"precision": 0.7893553223388305, "recall": 0.6360103626943006, "f1-score": 0.5804209870740761, "support": 772}}