{"0.0": {"precision": 0.5848484848484848, "recall": 1.0, "f1-score": 0.7380497131931166, "support": 386}, "1.0": {"precision": 1.0, "recall": 0.29015544041450775, "f1-score": 0.4497991967871486, "support": 386}, "accuracy": 0.6450777202072538, "macro avg": {"precision": 0.7924242424242425, "recall": 0.6450777202072538, "f1-score": 0.5939244549901326, "support": 772}, "weighted avg": {"precision": 0.7924242424242425, "recall": 0.6450777202072538, "f1-score": 0.5939244549901327, "support": 772}}