{"0.0": {"precision": 0.5677506775067751, "recall": 0.9905437352245863, "f1-score": 0.7217915590008614, "support": 423}, "1.0": {"precision": 0.9629629629629629, "recall": 0.2458628841607565, "f1-score": 0.391713747645951, "support": 423}, "accuracy": 0.6182033096926713, "macro avg": {"precision": 0.7653568202348691, "recall": 0.6182033096926713, "f1-score": 0.5567526533234062, "support": 846}, "weighted avg": {"precision": 0.7653568202348691, "recall": 0.6182033096926713, "f1-score": 0.5567526533234062, "support": 846}}