{"0.0": {"precision": 0.5362116991643454, "recall": 0.9974093264248705, "f1-score": 0.6974637681159421, "support": 386}, "1.0": {"precision": 0.9814814814814815, "recall": 0.13730569948186527, "f1-score": 0.24090909090909088, "support": 386}, "accuracy": 0.5673575129533679, "macro avg": {"precision": 0.7588465903229135, "recall": 0.5673575129533679, "f1-score": 0.4691864295125165, "support": 772}, "weighted avg": {"precision": 0.7588465903229136, "recall": 0.5673575129533679, "f1-score": 0.46918642951251655, "support": 772}}