{"0.0": {"precision": 0.5894134477825465, "recall": 0.9739952718676123, "f1-score": 0.7344028520499108, "support": 423}, "1.0": {"precision": 0.9251700680272109, "recall": 0.3215130023640662, "f1-score": 0.4771929824561404, "support": 423}, "accuracy": 0.6477541371158393, "macro avg": {"precision": 0.7572917579048787, "recall": 0.6477541371158393, "f1-score": 0.6057979172530257, "support": 846}, "weighted avg": {"precision": 0.7572917579048788, "recall": 0.6477541371158393, "f1-score": 0.6057979172530256, "support": 846}}