{"0.0": {"precision": 0.5428973277074542, "recall": 1.0, "f1-score": 0.7037374658158614, "support": 386}, "1.0": {"precision": 1.0, "recall": 0.15803108808290156, "f1-score": 0.2729306487695749, "support": 386}, "accuracy": 0.5790155440414507, "macro avg": {"precision": 0.7714486638537271, "recall": 0.5790155440414508, "f1-score": 0.48833405729271817, "support": 772}, "weighted avg": {"precision": 0.771448663853727, "recall": 0.5790155440414507, "f1-score": 0.48833405729271817, "support": 772}}