{"0.0": {"precision": 0.5754857997010463, "recall": 0.9974093264248705, "f1-score": 0.7298578199052133, "support": 386}, "1.0": {"precision": 0.9902912621359223, "recall": 0.26424870466321243, "f1-score": 0.41717791411042937, "support": 386}, "accuracy": 0.6308290155440415, "macro avg": {"precision": 0.7828885309184843, "recall": 0.6308290155440415, "f1-score": 0.5735178670078214, "support": 772}, "weighted avg": {"precision": 0.7828885309184842, "recall": 0.6308290155440415, "f1-score": 0.5735178670078213, "support": 772}}