{"0.0": {"precision": 0.5700680272108843, "recall": 0.9905437352245863, "f1-score": 0.7236614853195165, "support": 423}, "1.0": {"precision": 0.963963963963964, "recall": 0.25295508274231676, "f1-score": 0.400749063670412, "support": 423}, "accuracy": 0.6217494089834515, "macro avg": {"precision": 0.7670159955874242, "recall": 0.6217494089834515, "f1-score": 0.5622052744949643, "support": 846}, "weighted avg": {"precision": 0.7670159955874241, "recall": 0.6217494089834515, "f1-score": 0.5622052744949643, "support": 846}}