{"0.0": {"precision": 0.5397435897435897, "recall": 0.9952718676122931, "f1-score": 0.6999168744804654, "support": 423}, "1.0": {"precision": 0.9696969696969697, "recall": 0.15130023640661938, "f1-score": 0.26175869120654394, "support": 423}, "accuracy": 0.5732860520094563, "macro avg": {"precision": 0.7547202797202797, "recall": 0.5732860520094563, "f1-score": 0.48083778284350465, "support": 846}, "weighted avg": {"precision": 0.7547202797202797, "recall": 0.5732860520094563, "f1-score": 0.48083778284350465, "support": 846}}