{"0.0": {"precision": 0.5716234652114598, "recall": 0.9905437352245863, "f1-score": 0.7249134948096887, "support": 423}, "1.0": {"precision": 0.9646017699115044, "recall": 0.2576832151300236, "f1-score": 0.4067164179104477, "support": 423}, "accuracy": 0.624113475177305, "macro avg": {"precision": 0.7681126175614821, "recall": 0.624113475177305, "f1-score": 0.5658149563600682, "support": 846}, "weighted avg": {"precision": 0.768112617561482, "recall": 0.624113475177305, "f1-score": 0.5658149563600682, "support": 846}}