{"0.0": {"precision": 0.5878186968838527, "recall": 0.9810874704491725, "f1-score": 0.7351638618246235, "support": 423}, "1.0": {"precision": 0.9428571428571428, "recall": 0.3120567375886525, "f1-score": 0.4689165186500888, "support": 423}, "accuracy": 0.6465721040189125, "macro avg": {"precision": 0.7653379198704977, "recall": 0.6465721040189125, "f1-score": 0.6020401902373561, "support": 846}, "weighted avg": {"precision": 0.7653379198704978, "recall": 0.6465721040189125, "f1-score": 0.6020401902373561, "support": 846}}