{"0.0": {"precision": 0.5451977401129944, "recall": 1.0, "f1-score": 0.7056672760511883, "support": 386}, "1.0": {"precision": 1.0, "recall": 0.16580310880829016, "f1-score": 0.2844444444444445, "support": 386}, "accuracy": 0.582901554404145, "macro avg": {"precision": 0.7725988700564972, "recall": 0.582901554404145, "f1-score": 0.4950558602478164, "support": 772}, "weighted avg": {"precision": 0.7725988700564973, "recall": 0.582901554404145, "f1-score": 0.49505586024781634, "support": 772}}