{"0.0": {"precision": 0.5369897959183674, "recall": 0.9952718676122931, "f1-score": 0.6975973487986745, "support": 423}, "1.0": {"precision": 0.967741935483871, "recall": 0.14184397163120568, "f1-score": 0.24742268041237114, "support": 423}, "accuracy": 0.5685579196217494, "macro avg": {"precision": 0.7523658657011192, "recall": 0.5685579196217494, "f1-score": 0.47251001460552283, "support": 846}, "weighted avg": {"precision": 0.7523658657011192, "recall": 0.5685579196217494, "f1-score": 0.47251001460552283, "support": 846}}