{"0.0": {"precision": 0.541374474053296, "recall": 1.0, "f1-score": 0.7024567788899, "support": 386}, "1.0": {"precision": 1.0, "recall": 0.15284974093264247, "f1-score": 0.26516853932584267, "support": 386}, "accuracy": 0.5764248704663213, "macro avg": {"precision": 0.770687237026648, "recall": 0.5764248704663213, "f1-score": 0.4838126591078713, "support": 772}, "weighted avg": {"precision": 0.770687237026648, "recall": 0.5764248704663213, "f1-score": 0.4838126591078713, "support": 772}}