{"0.0": {"precision": 0.5369595536959554, "recall": 0.9974093264248705, "f1-score": 0.6980961015412512, "support": 386}, "1.0": {"precision": 0.9818181818181818, "recall": 0.13989637305699482, "f1-score": 0.24489795918367346, "support": 386}, "accuracy": 0.5686528497409327, "macro avg": {"precision": 0.7593888677570686, "recall": 0.5686528497409327, "f1-score": 0.4714970303624624, "support": 772}, "weighted avg": {"precision": 0.7593888677570686, "recall": 0.5686528497409327, "f1-score": 0.4714970303624623, "support": 772}}