{"0.0": {"precision": 0.5687943262411348, "recall": 0.9901234567901235, "f1-score": 0.7225225225225226, "support": 405}, "1.0": {"precision": 0.9619047619047619, "recall": 0.24938271604938272, "f1-score": 0.396078431372549, "support": 405}, "accuracy": 0.6197530864197531, "macro avg": {"precision": 0.7653495440729483, "recall": 0.6197530864197531, "f1-score": 0.5593004769475358, "support": 810}, "weighted avg": {"precision": 0.7653495440729483, "recall": 0.6197530864197531, "f1-score": 0.5593004769475358, "support": 810}}