{"0.0": {"precision": 0.5646067415730337, "recall": 0.9925925925925926, "f1-score": 0.7197851387645479, "support": 405}, "1.0": {"precision": 0.9693877551020408, "recall": 0.2345679012345679, "f1-score": 0.37773359840954274, "support": 405}, "accuracy": 0.6135802469135803, "macro avg": {"precision": 0.7669972483375372, "recall": 0.6135802469135803, "f1-score": 0.5487593685870453, "support": 810}, "weighted avg": {"precision": 0.7669972483375372, "recall": 0.6135802469135803, "f1-score": 0.5487593685870453, "support": 810}}