{"0.0": {"precision": 0.5619596541786743, "recall": 1.0, "f1-score": 0.7195571955719557, "support": 390}, "1.0": {"precision": 1.0, "recall": 0.2205128205128205, "f1-score": 0.361344537815126, "support": 390}, "accuracy": 0.6102564102564103, "macro avg": {"precision": 0.7809798270893371, "recall": 0.6102564102564103, "f1-score": 0.5404508666935408, "support": 780}, "weighted avg": {"precision": 0.7809798270893371, "recall": 0.6102564102564103, "f1-score": 0.5404508666935408, "support": 780}}