{"0.0": {"precision": 0.5876132930513596, "recall": 0.9974358974358974, "f1-score": 0.7395437262357414, "support": 390}, "1.0": {"precision": 0.9915254237288136, "recall": 0.3, "f1-score": 0.4606299212598425, "support": 390}, "accuracy": 0.6487179487179487, "macro avg": {"precision": 0.7895693583900866, "recall": 0.6487179487179487, "f1-score": 0.6000868237477919, "support": 780}, "weighted avg": {"precision": 0.7895693583900865, "recall": 0.6487179487179487, "f1-score": 0.6000868237477919, "support": 780}}