{"0.0": {"precision": 0.5397039030955586, "recall": 0.9901234567901235, "f1-score": 0.6986062717770034, "support": 405}, "1.0": {"precision": 0.9402985074626866, "recall": 0.15555555555555556, "f1-score": 0.26694915254237284, "support": 405}, "accuracy": 0.5728395061728395, "macro avg": {"precision": 0.7400012052791226, "recall": 0.5728395061728395, "f1-score": 0.4827777121596881, "support": 810}, "weighted avg": {"precision": 0.7400012052791226, "recall": 0.5728395061728395, "f1-score": 0.4827777121596882, "support": 810}}