{"0.0": {"precision": 0.572039942938659, "recall": 0.9901234567901235, "f1-score": 0.725135623869801, "support": 405}, "1.0": {"precision": 0.963302752293578, "recall": 0.25925925925925924, "f1-score": 0.4085603112840467, "support": 405}, "accuracy": 0.6246913580246913, "macro avg": {"precision": 0.7676713476161185, "recall": 0.6246913580246913, "f1-score": 0.5668479675769238, "support": 810}, "weighted avg": {"precision": 0.7676713476161184, "recall": 0.6246913580246913, "f1-score": 0.5668479675769239, "support": 810}}