{"0.0": {"precision": 0.6550802139037433, "recall": 0.6049382716049383, "f1-score": 0.6290115532734274, "support": 405}, "1.0": {"precision": 0.6330275229357798, "recall": 0.6814814814814815, "f1-score": 0.6563614744351961, "support": 405}, "accuracy": 0.6432098765432098, "macro avg": {"precision": 0.6440538684197615, "recall": 0.6432098765432099, "f1-score": 0.6426865138543117, "support": 810}, "weighted avg": {"precision": 0.6440538684197615, "recall": 0.6432098765432098, "f1-score": 0.6426865138543117, "support": 810}}