{"0.0": {"precision": 0.5350993377483444, "recall": 0.9975308641975309, "f1-score": 0.6965517241379311, "support": 405}, "1.0": {"precision": 0.9818181818181818, "recall": 0.13333333333333333, "f1-score": 0.23478260869565218, "support": 405}, "accuracy": 0.5654320987654321, "macro avg": {"precision": 0.758458759783263, "recall": 0.5654320987654321, "f1-score": 0.4656671664167916, "support": 810}, "weighted avg": {"precision": 0.758458759783263, "recall": 0.5654320987654321, "f1-score": 0.4656671664167916, "support": 810}}