{"0.0": {"precision": 0.5404312668463612, "recall": 0.9901234567901235, "f1-score": 0.6992153443766348, "support": 405}, "1.0": {"precision": 0.9411764705882353, "recall": 0.1580246913580247, "f1-score": 0.27061310782241016, "support": 405}, "accuracy": 0.5740740740740741, "macro avg": {"precision": 0.7408038687172982, "recall": 0.5740740740740741, "f1-score": 0.4849142260995225, "support": 810}, "weighted avg": {"precision": 0.7408038687172983, "recall": 0.5740740740740741, "f1-score": 0.4849142260995225, "support": 810}}