{"0.0": {"precision": 0.563768115942029, "recall": 0.9974358974358974, "f1-score": 0.7203703703703704, "support": 390}, "1.0": {"precision": 0.9888888888888889, "recall": 0.2282051282051282, "f1-score": 0.3708333333333333, "support": 390}, "accuracy": 0.6128205128205129, "macro avg": {"precision": 0.7763285024154589, "recall": 0.6128205128205129, "f1-score": 0.5456018518518518, "support": 780}, "weighted avg": {"precision": 0.7763285024154589, "recall": 0.6128205128205129, "f1-score": 0.5456018518518518, "support": 780}}