{"0.0": {"precision": 0.5932721712538226, "recall": 0.9948717948717949, "f1-score": 0.7432950191570881, "support": 390}, "1.0": {"precision": 0.9841269841269841, "recall": 0.31794871794871793, "f1-score": 0.4806201550387597, "support": 390}, "accuracy": 0.6564102564102564, "macro avg": {"precision": 0.7886995776904033, "recall": 0.6564102564102564, "f1-score": 0.6119575870979239, "support": 780}, "weighted avg": {"precision": 0.7886995776904034, "recall": 0.6564102564102564, "f1-score": 0.6119575870979239, "support": 780}}