{"0.0": {"precision": 0.5899390243902439, "recall": 0.9923076923076923, "f1-score": 0.7399617590822181, "support": 390}, "1.0": {"precision": 0.9758064516129032, "recall": 0.31025641025641026, "f1-score": 0.4708171206225681, "support": 390}, "accuracy": 0.6512820512820513, "macro avg": {"precision": 0.7828727380015736, "recall": 0.6512820512820513, "f1-score": 0.6053894398523931, "support": 780}, "weighted avg": {"precision": 0.7828727380015735, "recall": 0.6512820512820513, "f1-score": 0.605389439852393, "support": 780}}