{"0.0": {"precision": 0.5308804204993429, "recall": 0.9975308641975309, "f1-score": 0.692967409948542, "support": 405}, "1.0": {"precision": 0.9795918367346939, "recall": 0.11851851851851852, "f1-score": 0.2114537444933921, "support": 405}, "accuracy": 0.5580246913580247, "macro avg": {"precision": 0.7552361286170184, "recall": 0.5580246913580247, "f1-score": 0.452210577220967, "support": 810}, "weighted avg": {"precision": 0.7552361286170184, "recall": 0.5580246913580247, "f1-score": 0.452210577220967, "support": 810}}