{"0.0": {"precision": 0.6543535620052771, "recall": 0.6123456790123457, "f1-score": 0.6326530612244898, "support": 405}, "1.0": {"precision": 0.6357308584686775, "recall": 0.6765432098765433, "f1-score": 0.6555023923444976, "support": 405}, "accuracy": 0.6444444444444445, "macro avg": {"precision": 0.6450422102369773, "recall": 0.6444444444444445, "f1-score": 0.6440777267844937, "support": 810}, "weighted avg": {"precision": 0.6450422102369773, "recall": 0.6444444444444445, "f1-score": 0.6440777267844938, "support": 810}}