{"0.0": {"precision": 0.5343915343915344, "recall": 0.9975308641975309, "f1-score": 0.6959517657192077, "support": 405}, "1.0": {"precision": 0.9814814814814815, "recall": 0.1308641975308642, "f1-score": 0.23093681917211326, "support": 405}, "accuracy": 0.5641975308641975, "macro avg": {"precision": 0.7579365079365079, "recall": 0.5641975308641975, "f1-score": 0.4634442924456605, "support": 810}, "weighted avg": {"precision": 0.7579365079365079, "recall": 0.5641975308641975, "f1-score": 0.46344429244566043, "support": 810}}