{"0.0": {"precision": 0.5905631659056316, "recall": 0.9948717948717949, "f1-score": 0.7411652340019101, "support": 390}, "1.0": {"precision": 0.983739837398374, "recall": 0.31025641025641026, "f1-score": 0.4717348927875244, "support": 390}, "accuracy": 0.6525641025641026, "macro avg": {"precision": 0.7871515016520028, "recall": 0.6525641025641026, "f1-score": 0.6064500633947173, "support": 780}, "weighted avg": {"precision": 0.7871515016520028, "recall": 0.6525641025641026, "f1-score": 0.6064500633947173, "support": 780}}