{"0.0": {"precision": 0.5863636363636363, "recall": 0.9923076923076923, "f1-score": 0.7371428571428571, "support": 390}, "1.0": {"precision": 0.975, "recall": 0.3, "f1-score": 0.4588235294117647, "support": 390}, "accuracy": 0.6461538461538462, "macro avg": {"precision": 0.7806818181818181, "recall": 0.6461538461538462, "f1-score": 0.5979831932773109, "support": 780}, "weighted avg": {"precision": 0.7806818181818181, "recall": 0.6461538461538462, "f1-score": 0.5979831932773109, "support": 780}}