{"0.0": {"precision": 0.5323645970937912, "recall": 0.9950617283950617, "f1-score": 0.693631669535284, "support": 405}, "1.0": {"precision": 0.9622641509433962, "recall": 0.1259259259259259, "f1-score": 0.222707423580786, "support": 405}, "accuracy": 0.5604938271604938, "macro avg": {"precision": 0.7473143740185937, "recall": 0.5604938271604938, "f1-score": 0.458169546558035, "support": 810}, "weighted avg": {"precision": 0.7473143740185937, "recall": 0.5604938271604938, "f1-score": 0.45816954655803493, "support": 810}}