{"0.0": {"precision": 0.5667144906743186, "recall": 0.9850374064837906, "f1-score": 0.719489981785064, "support": 401}, "1.0": {"precision": 0.9428571428571428, "recall": 0.24688279301745636, "f1-score": 0.3913043478260869, "support": 401}, "accuracy": 0.6159600997506235, "macro avg": {"precision": 0.7547858167657306, "recall": 0.6159600997506235, "f1-score": 0.5553971648055754, "support": 802}, "weighted avg": {"precision": 0.7547858167657306, "recall": 0.6159600997506235, "f1-score": 0.5553971648055754, "support": 802}}