{"0.0": {"precision": 0.5596707818930041, "recall": 0.9975550122249389, "f1-score": 0.7170474516695958, "support": 409}, "1.0": {"precision": 0.9887640449438202, "recall": 0.21515892420537897, "f1-score": 0.3534136546184739, "support": 409}, "accuracy": 0.6063569682151589, "macro avg": {"precision": 0.7742174134184121, "recall": 0.6063569682151589, "f1-score": 0.5352305531440349, "support": 818}, "weighted avg": {"precision": 0.7742174134184121, "recall": 0.6063569682151589, "f1-score": 0.5352305531440348, "support": 818}}