{"0.0": {"precision": 0.5368421052631579, "recall": 0.9975550122249389, "f1-score": 0.69803250641574, "support": 409}, "1.0": {"precision": 0.9827586206896551, "recall": 0.1393643031784841, "f1-score": 0.24411134903640258, "support": 409}, "accuracy": 0.5684596577017115, "macro avg": {"precision": 0.7598003629764065, "recall": 0.5684596577017115, "f1-score": 0.4710719277260713, "support": 818}, "weighted avg": {"precision": 0.7598003629764065, "recall": 0.5684596577017115, "f1-score": 0.4710719277260713, "support": 818}}