{"0.0": {"precision": 0.5382585751978892, "recall": 0.9975550122249389, "f1-score": 0.6992287917737788, "support": 409}, "1.0": {"precision": 0.9833333333333333, "recall": 0.14425427872860636, "f1-score": 0.25159914712153514, "support": 409}, "accuracy": 0.5709046454767727, "macro avg": {"precision": 0.7607959542656113, "recall": 0.5709046454767727, "f1-score": 0.475413969447657, "support": 818}, "weighted avg": {"precision": 0.7607959542656113, "recall": 0.5709046454767727, "f1-score": 0.47541396944765696, "support": 818}}