{"0.0": {"precision": 0.5404312668463612, "recall": 1.0, "f1-score": 0.7016622922134733, "support": 401}, "1.0": {"precision": 1.0, "recall": 0.14962593516209477, "f1-score": 0.2603036876355748, "support": 401}, "accuracy": 0.5748129675810474, "macro avg": {"precision": 0.7702156334231807, "recall": 0.5748129675810474, "f1-score": 0.48098298992452404, "support": 802}, "weighted avg": {"precision": 0.7702156334231806, "recall": 0.5748129675810474, "f1-score": 0.48098298992452404, "support": 802}}