{"0.0": {"precision": 0.566145092460882, "recall": 0.9925187032418953, "f1-score": 0.7210144927536233, "support": 401}, "1.0": {"precision": 0.9696969696969697, "recall": 0.23940149625935161, "f1-score": 0.384, "support": 401}, "accuracy": 0.6159600997506235, "macro avg": {"precision": 0.7679210310789258, "recall": 0.6159600997506235, "f1-score": 0.5525072463768117, "support": 802}, "weighted avg": {"precision": 0.7679210310789258, "recall": 0.6159600997506235, "f1-score": 0.5525072463768116, "support": 802}}