{"0.0": {"precision": 0.5718518518518518, "recall": 0.9625935162094763, "f1-score": 0.7174721189591078, "support": 401}, "1.0": {"precision": 0.8818897637795275, "recall": 0.2793017456359102, "f1-score": 0.42424242424242425, "support": 401}, "accuracy": 0.6209476309226932, "macro avg": {"precision": 0.7268708078156897, "recall": 0.6209476309226932, "f1-score": 0.570857271600766, "support": 802}, "weighted avg": {"precision": 0.7268708078156896, "recall": 0.6209476309226932, "f1-score": 0.570857271600766, "support": 802}}