{"0.0": {"precision": 0.4841688654353562, "recall": 0.8973105134474327, "f1-score": 0.6289631533847473, "support": 409}, "1.0": {"precision": 0.3, "recall": 0.044009779951100246, "f1-score": 0.0767590618336887, "support": 409}, "accuracy": 0.4706601466992665, "macro avg": {"precision": 0.3920844327176781, "recall": 0.4706601466992665, "f1-score": 0.352861107609218, "support": 818}, "weighted avg": {"precision": 0.39208443271767807, "recall": 0.4706601466992665, "f1-score": 0.352861107609218, "support": 818}}