{"0.0": {"precision": 0.5625, "recall": 0.9875311720698254, "f1-score": 0.7167420814479638, "support": 401}, "1.0": {"precision": 0.9489795918367347, "recall": 0.23192019950124687, "f1-score": 0.37274549098196397, "support": 401}, "accuracy": 0.6097256857855362, "macro avg": {"precision": 0.7557397959183674, "recall": 0.6097256857855362, "f1-score": 0.5447437862149639, "support": 802}, "weighted avg": {"precision": 0.7557397959183674, "recall": 0.6097256857855362, "f1-score": 0.544743786214964, "support": 802}}