{"0.0": {"precision": 0.5347313237221494, "recall": 0.9975550122249389, "f1-score": 0.6962457337883958, "support": 409}, "1.0": {"precision": 0.9818181818181818, "recall": 0.13202933985330073, "f1-score": 0.2327586206896552, "support": 409}, "accuracy": 0.5647921760391198, "macro avg": {"precision": 0.7582747527701656, "recall": 0.5647921760391198, "f1-score": 0.46450217723902554, "support": 818}, "weighted avg": {"precision": 0.7582747527701656, "recall": 0.5647921760391198, "f1-score": 0.4645021772390255, "support": 818}}