{"0.0": {"precision": 0.5440976933514247, "recall": 1.0, "f1-score": 0.7047451669595782, "support": 401}, "1.0": {"precision": 1.0, "recall": 0.16209476309226933, "f1-score": 0.2789699570815451, "support": 401}, "accuracy": 0.5810473815461347, "macro avg": {"precision": 0.7720488466757123, "recall": 0.5810473815461347, "f1-score": 0.49185756202056163, "support": 802}, "weighted avg": {"precision": 0.7720488466757124, "recall": 0.5810473815461347, "f1-score": 0.4918575620205616, "support": 802}}