{"0.0": {"precision": 0.5604395604395604, "recall": 0.9975550122249389, "f1-score": 0.7176781002638523, "support": 409}, "1.0": {"precision": 0.9888888888888889, "recall": 0.2176039119804401, "f1-score": 0.35671342685370744, "support": 409}, "accuracy": 0.6075794621026895, "macro avg": {"precision": 0.7746642246642247, "recall": 0.6075794621026895, "f1-score": 0.5371957635587798, "support": 818}, "weighted avg": {"precision": 0.7746642246642247, "recall": 0.6075794621026895, "f1-score": 0.5371957635587798, "support": 818}}