{"0.0": {"precision": 0.5217948717948718, "recall": 0.9951100244498777, "f1-score": 0.6846089150546678, "support": 409}, "1.0": {"precision": 0.9473684210526315, "recall": 0.08801955990220049, "f1-score": 0.1610738255033557, "support": 409}, "accuracy": 0.5415647921760391, "macro avg": {"precision": 0.7345816464237517, "recall": 0.5415647921760391, "f1-score": 0.42284137027901175, "support": 818}, "weighted avg": {"precision": 0.7345816464237518, "recall": 0.5415647921760391, "f1-score": 0.42284137027901175, "support": 818}}