{"0.0": {"precision": 0.568685376661743, "recall": 0.9600997506234414, "f1-score": 0.7142857142857143, "support": 401}, "1.0": {"precision": 0.872, "recall": 0.2718204488778055, "f1-score": 0.41444866920152096, "support": 401}, "accuracy": 0.6159600997506235, "macro avg": {"precision": 0.7203426883308715, "recall": 0.6159600997506235, "f1-score": 0.5643671917436176, "support": 802}, "weighted avg": {"precision": 0.7203426883308715, "recall": 0.6159600997506235, "f1-score": 0.5643671917436176, "support": 802}}