{"0.0": {"precision": 0.5612104539202201, "recall": 0.9975550122249389, "f1-score": 0.7183098591549295, "support": 409}, "1.0": {"precision": 0.989010989010989, "recall": 0.2200488997555012, "f1-score": 0.36, "support": 409}, "accuracy": 0.60880195599022, "macro avg": {"precision": 0.7751107214656046, "recall": 0.60880195599022, "f1-score": 0.5391549295774647, "support": 818}, "weighted avg": {"precision": 0.7751107214656046, "recall": 0.60880195599022, "f1-score": 0.5391549295774647, "support": 818}}