{"0.0": {"precision": 0.5354330708661418, "recall": 0.9975550122249389, "f1-score": 0.6968403074295475, "support": 409}, "1.0": {"precision": 0.9821428571428571, "recall": 0.13447432762836187, "f1-score": 0.23655913978494622, "support": 409}, "accuracy": 0.5660146699266504, "macro avg": {"precision": 0.7587879640044994, "recall": 0.5660146699266504, "f1-score": 0.4666997236072469, "support": 818}, "weighted avg": {"precision": 0.7587879640044994, "recall": 0.5660146699266504, "f1-score": 0.4666997236072469, "support": 818}}