{"0.0": {"precision": 0.5073529411764706, "recall": 1.0, "f1-score": 0.673170731707317, "support": 276}, "1.0": {"precision": 1.0, "recall": 0.028985507246376812, "f1-score": 0.05633802816901409, "support": 276}, "accuracy": 0.5144927536231884, "macro avg": {"precision": 0.7536764705882353, "recall": 0.5144927536231884, "f1-score": 0.36475437993816556, "support": 552}, "weighted avg": {"precision": 0.7536764705882353, "recall": 0.5144927536231884, "f1-score": 0.36475437993816556, "support": 552}}