{"0.0": {"precision": 0.5064220183486239, "recall": 1.0, "f1-score": 0.6723507917174179, "support": 276}, "1.0": {"precision": 1.0, "recall": 0.025362318840579712, "f1-score": 0.049469964664310966, "support": 276}, "accuracy": 0.5126811594202898, "macro avg": {"precision": 0.7532110091743119, "recall": 0.5126811594202898, "f1-score": 0.3609103781908644, "support": 552}, "weighted avg": {"precision": 0.7532110091743119, "recall": 0.5126811594202898, "f1-score": 0.3609103781908644, "support": 552}}