{"0.0": {"precision": 0.5581395348837209, "recall": 1.0, "f1-score": 0.7164179104477612, "support": 360}, "1.0": {"precision": 1.0, "recall": 0.20833333333333334, "f1-score": 0.3448275862068966, "support": 360}, "accuracy": 0.6041666666666666, "macro avg": {"precision": 0.7790697674418605, "recall": 0.6041666666666666, "f1-score": 0.5306227483273289, "support": 720}, "weighted avg": {"precision": 0.7790697674418605, "recall": 0.6041666666666666, "f1-score": 0.5306227483273288, "support": 720}}