{"0.0": {"precision": 0.5421686746987951, "recall": 1.0, "f1-score": 0.7031249999999999, "support": 360}, "1.0": {"precision": 1.0, "recall": 0.15555555555555556, "f1-score": 0.2692307692307693, "support": 360}, "accuracy": 0.5777777777777777, "macro avg": {"precision": 0.7710843373493976, "recall": 0.5777777777777777, "f1-score": 0.4861778846153846, "support": 720}, "weighted avg": {"precision": 0.7710843373493975, "recall": 0.5777777777777777, "f1-score": 0.4861778846153846, "support": 720}}