{"0.0": {"precision": 0.5368098159509203, "recall": 1.0, "f1-score": 0.6986027944111777, "support": 350}, "1.0": {"precision": 1.0, "recall": 0.13714285714285715, "f1-score": 0.24120603015075376, "support": 350}, "accuracy": 0.5685714285714286, "macro avg": {"precision": 0.7684049079754601, "recall": 0.5685714285714286, "f1-score": 0.4699044122809657, "support": 700}, "weighted avg": {"precision": 0.7684049079754602, "recall": 0.5685714285714286, "f1-score": 0.4699044122809657, "support": 700}}