{"0.0": {"precision": 0.5789473684210527, "recall": 0.9742857142857143, "f1-score": 0.7263045793397233, "support": 350}, "1.0": {"precision": 0.918918918918919, "recall": 0.2914285714285714, "f1-score": 0.44251626898047725, "support": 350}, "accuracy": 0.6328571428571429, "macro avg": {"precision": 0.7489331436699858, "recall": 0.6328571428571429, "f1-score": 0.5844104241601003, "support": 700}, "weighted avg": {"precision": 0.7489331436699858, "recall": 0.6328571428571429, "f1-score": 0.5844104241601003, "support": 700}}