{"0.0": {"precision": 0.5761589403973509, "recall": 0.9942857142857143, "f1-score": 0.7295597484276729, "support": 350}, "1.0": {"precision": 0.9791666666666666, "recall": 0.26857142857142857, "f1-score": 0.42152466367713004, "support": 350}, "accuracy": 0.6314285714285715, "macro avg": {"precision": 0.7776628035320088, "recall": 0.6314285714285715, "f1-score": 0.5755422060524015, "support": 700}, "weighted avg": {"precision": 0.7776628035320088, "recall": 0.6314285714285715, "f1-score": 0.5755422060524015, "support": 700}}