{"0.0": {"precision": 0.5460218408736349, "recall": 1.0, "f1-score": 0.7063572149344097, "support": 350}, "1.0": {"precision": 1.0, "recall": 0.16857142857142857, "f1-score": 0.2885085574572127, "support": 350}, "accuracy": 0.5842857142857143, "macro avg": {"precision": 0.7730109204368174, "recall": 0.5842857142857143, "f1-score": 0.4974328861958112, "support": 700}, "weighted avg": {"precision": 0.7730109204368175, "recall": 0.5842857142857143, "f1-score": 0.4974328861958112, "support": 700}}