{"0.0": {"precision": 0.5357142857142857, "recall": 1.0, "f1-score": 0.6976744186046512, "support": 360}, "1.0": {"precision": 1.0, "recall": 0.13333333333333333, "f1-score": 0.23529411764705882, "support": 360}, "accuracy": 0.5666666666666667, "macro avg": {"precision": 0.7678571428571428, "recall": 0.5666666666666667, "f1-score": 0.466484268125855, "support": 720}, "weighted avg": {"precision": 0.7678571428571429, "recall": 0.5666666666666667, "f1-score": 0.466484268125855, "support": 720}}