{"0.0": {"precision": 0.5470219435736677, "recall": 0.9971428571428571, "f1-score": 0.7064777327935223, "support": 350}, "1.0": {"precision": 0.9838709677419355, "recall": 0.1742857142857143, "f1-score": 0.2961165048543689, "support": 350}, "accuracy": 0.5857142857142857, "macro avg": {"precision": 0.7654464556578016, "recall": 0.5857142857142857, "f1-score": 0.5012971188239457, "support": 700}, "weighted avg": {"precision": 0.7654464556578017, "recall": 0.5857142857142857, "f1-score": 0.5012971188239457, "support": 700}}