{"0.0": {"precision": 0.502092050209205, "recall": 1.0, "f1-score": 0.6685236768802229, "support": 360}, "1.0": {"precision": 1.0, "recall": 0.008333333333333333, "f1-score": 0.01652892561983471, "support": 360}, "accuracy": 0.5041666666666667, "macro avg": {"precision": 0.7510460251046025, "recall": 0.5041666666666667, "f1-score": 0.3425263012500288, "support": 720}, "weighted avg": {"precision": 0.7510460251046025, "recall": 0.5041666666666667, "f1-score": 0.34252630125002875, "support": 720}}