{"0.0": {"precision": 0.5360983102918587, "recall": 0.9971428571428571, "f1-score": 0.6973026973026973, "support": 350}, "1.0": {"precision": 0.9795918367346939, "recall": 0.13714285714285715, "f1-score": 0.2406015037593985, "support": 350}, "accuracy": 0.5671428571428572, "macro avg": {"precision": 0.7578450735132762, "recall": 0.5671428571428572, "f1-score": 0.4689521005310479, "support": 700}, "weighted avg": {"precision": 0.7578450735132763, "recall": 0.5671428571428572, "f1-score": 0.46895210053104797, "support": 700}}