{"0.0": {"precision": 0.5625, "recall": 1.0, "f1-score": 0.72, "support": 360}, "1.0": {"precision": 1.0, "recall": 0.2222222222222222, "f1-score": 0.3636363636363636, "support": 360}, "accuracy": 0.6111111111111112, "macro avg": {"precision": 0.78125, "recall": 0.6111111111111112, "f1-score": 0.5418181818181818, "support": 720}, "weighted avg": {"precision": 0.78125, "recall": 0.6111111111111112, "f1-score": 0.5418181818181819, "support": 720}}