{"0.0": {"precision": 0.5333333333333333, "recall": 1.0, "f1-score": 0.6956521739130436, "support": 360}, "1.0": {"precision": 1.0, "recall": 0.125, "f1-score": 0.2222222222222222, "support": 360}, "accuracy": 0.5625, "macro avg": {"precision": 0.7666666666666666, "recall": 0.5625, "f1-score": 0.4589371980676329, "support": 720}, "weighted avg": {"precision": 0.7666666666666667, "recall": 0.5625, "f1-score": 0.4589371980676329, "support": 720}}