{"0.0": {"precision": 0.5413533834586466, "recall": 1.0, "f1-score": 0.7024390243902439, "support": 360}, "1.0": {"precision": 1.0, "recall": 0.1527777777777778, "f1-score": 0.26506024096385544, "support": 360}, "accuracy": 0.5763888888888888, "macro avg": {"precision": 0.7706766917293233, "recall": 0.5763888888888888, "f1-score": 0.4837496326770496, "support": 720}, "weighted avg": {"precision": 0.7706766917293234, "recall": 0.5763888888888888, "f1-score": 0.4837496326770497, "support": 720}}