{"0.0": {"precision": 0.575809199318569, "recall": 0.9657142857142857, "f1-score": 0.7214514407684098, "support": 350}, "1.0": {"precision": 0.8938053097345132, "recall": 0.2885714285714286, "f1-score": 0.43628509719222464, "support": 350}, "accuracy": 0.6271428571428571, "macro avg": {"precision": 0.7348072545265412, "recall": 0.6271428571428572, "f1-score": 0.5788682689803173, "support": 700}, "weighted avg": {"precision": 0.734807254526541, "recall": 0.6271428571428571, "f1-score": 0.5788682689803173, "support": 700}}