{"0.0": {"precision": 0.5, "recall": 1.0, "f1-score": 0.6666666666666666, "support": 360}, "1.0": {"precision": 0.0, "recall": 0.0, "f1-score": 0.0, "support": 360}, "accuracy": 0.5, "macro avg": {"precision": 0.25, "recall": 0.5, "f1-score": 0.3333333333333333, "support": 720}, "weighted avg": {"precision": 0.25, "recall": 0.5, "f1-score": 0.3333333333333333, "support": 720}}