{"0.0": {"precision": 0.559190031152648, "recall": 0.9972222222222222, "f1-score": 0.716566866267465, "support": 360}, "1.0": {"precision": 0.9871794871794872, "recall": 0.21388888888888888, "f1-score": 0.35159817351598177, "support": 360}, "accuracy": 0.6055555555555555, "macro avg": {"precision": 0.7731847591660677, "recall": 0.6055555555555555, "f1-score": 0.5340825198917234, "support": 720}, "weighted avg": {"precision": 0.7731847591660677, "recall": 0.6055555555555555, "f1-score": 0.5340825198917235, "support": 720}}