{"0.0": {"precision": 0.5702614379084967, "recall": 0.9971428571428571, "f1-score": 0.7255717255717256, "support": 350}, "1.0": {"precision": 0.9886363636363636, "recall": 0.24857142857142858, "f1-score": 0.3972602739726028, "support": 350}, "accuracy": 0.6228571428571429, "macro avg": {"precision": 0.7794489007724301, "recall": 0.6228571428571429, "f1-score": 0.5614159997721642, "support": 700}, "weighted avg": {"precision": 0.7794489007724301, "recall": 0.6228571428571429, "f1-score": 0.5614159997721642, "support": 700}}