{"0.0": {"precision": 0.5080789946140036, "recall": 0.9964788732394366, "f1-score": 0.6730083234244947, "support": 284}, "1.0": {"precision": 0.9090909090909091, "recall": 0.035211267605633804, "f1-score": 0.06779661016949153, "support": 284}, "accuracy": 0.5158450704225352, "macro avg": {"precision": 0.7085849518524563, "recall": 0.5158450704225352, "f1-score": 0.3704024667969931, "support": 568}, "weighted avg": {"precision": 0.7085849518524564, "recall": 0.5158450704225352, "f1-score": 0.37040246679699307, "support": 568}}