{"0.0": {"precision": 0.5080500894454383, "recall": 1.0, "f1-score": 0.6737841043890866, "support": 284}, "1.0": {"precision": 1.0, "recall": 0.03169014084507042, "f1-score": 0.06143344709897611, "support": 284}, "accuracy": 0.5158450704225352, "macro avg": {"precision": 0.7540250447227191, "recall": 0.5158450704225352, "f1-score": 0.3676087757440314, "support": 568}, "weighted avg": {"precision": 0.7540250447227191, "recall": 0.5158450704225352, "f1-score": 0.36760877574403134, "support": 568}}