{"0.0": {"precision": 0.5784469096671949, "recall": 0.9972677595628415, "f1-score": 0.732196589769308, "support": 366}, "1.0": {"precision": 0.9900990099009901, "recall": 0.273224043715847, "f1-score": 0.4282655246252677, "support": 366}, "accuracy": 0.6352459016393442, "macro avg": {"precision": 0.7842729597840925, "recall": 0.6352459016393442, "f1-score": 0.5802310571972878, "support": 732}, "weighted avg": {"precision": 0.7842729597840925, "recall": 0.6352459016393442, "f1-score": 0.5802310571972878, "support": 732}}