{"0.0": {"precision": 0.5461309523809523, "recall": 0.9972826086956522, "f1-score": 0.7057692307692308, "support": 368}, "1.0": {"precision": 0.984375, "recall": 0.17119565217391305, "f1-score": 0.2916666666666667, "support": 368}, "accuracy": 0.5842391304347826, "macro avg": {"precision": 0.7652529761904762, "recall": 0.5842391304347826, "f1-score": 0.4987179487179487, "support": 736}, "weighted avg": {"precision": 0.7652529761904762, "recall": 0.5842391304347826, "f1-score": 0.49871794871794867, "support": 736}}