{"0.0": {"precision": 0.5834658187599364, "recall": 0.9972826086956522, "f1-score": 0.736208625877633, "support": 368}, "1.0": {"precision": 0.9906542056074766, "recall": 0.28804347826086957, "f1-score": 0.4463157894736842, "support": 368}, "accuracy": 0.6426630434782609, "macro avg": {"precision": 0.7870600121837066, "recall": 0.6426630434782609, "f1-score": 0.5912622076756586, "support": 736}, "weighted avg": {"precision": 0.7870600121837066, "recall": 0.6426630434782609, "f1-score": 0.5912622076756586, "support": 736}}