{"0.0": {"precision": 0.5591397849462365, "recall": 0.9891304347826086, "f1-score": 0.7144259077526987, "support": 368}, "1.0": {"precision": 0.9529411764705882, "recall": 0.22010869565217392, "f1-score": 0.35761589403973515, "support": 368}, "accuracy": 0.6046195652173914, "macro avg": {"precision": 0.7560404807084123, "recall": 0.6046195652173912, "f1-score": 0.5360209008962169, "support": 736}, "weighted avg": {"precision": 0.7560404807084125, "recall": 0.6046195652173914, "f1-score": 0.5360209008962169, "support": 736}}