{"0.0": {"precision": 0.5716535433070866, "recall": 0.9864130434782609, "f1-score": 0.72382851445663, "support": 368}, "1.0": {"precision": 0.9504950495049505, "recall": 0.2608695652173913, "f1-score": 0.40938166311300633, "support": 368}, "accuracy": 0.623641304347826, "macro avg": {"precision": 0.7610742964060185, "recall": 0.623641304347826, "f1-score": 0.5666050887848182, "support": 736}, "weighted avg": {"precision": 0.7610742964060185, "recall": 0.623641304347826, "f1-score": 0.5666050887848182, "support": 736}}