{"0.0": {"precision": 0.5468053491827637, "recall": 1.0, "f1-score": 0.7070124879923151, "support": 368}, "1.0": {"precision": 1.0, "recall": 0.17119565217391305, "f1-score": 0.2923433874709977, "support": 368}, "accuracy": 0.5855978260869565, "macro avg": {"precision": 0.7734026745913818, "recall": 0.5855978260869565, "f1-score": 0.49967793773165636, "support": 736}, "weighted avg": {"precision": 0.7734026745913818, "recall": 0.5855978260869565, "f1-score": 0.49967793773165636, "support": 736}}