{"0.0": {"precision": 0.547085201793722, "recall": 1.0, "f1-score": 0.7072463768115942, "support": 366}, "1.0": {"precision": 1.0, "recall": 0.1721311475409836, "f1-score": 0.2937062937062937, "support": 366}, "accuracy": 0.5860655737704918, "macro avg": {"precision": 0.773542600896861, "recall": 0.5860655737704918, "f1-score": 0.500476335258944, "support": 732}, "weighted avg": {"precision": 0.773542600896861, "recall": 0.5860655737704918, "f1-score": 0.500476335258944, "support": 732}}