{"0.0": {"precision": 0.5479041916167665, "recall": 1.0, "f1-score": 0.7079303675048356, "support": 366}, "1.0": {"precision": 1.0, "recall": 0.17486338797814208, "f1-score": 0.29767441860465116, "support": 366}, "accuracy": 0.587431693989071, "macro avg": {"precision": 0.7739520958083832, "recall": 0.587431693989071, "f1-score": 0.5028023930547434, "support": 732}, "weighted avg": {"precision": 0.7739520958083832, "recall": 0.587431693989071, "f1-score": 0.5028023930547434, "support": 732}}