{"0.0": {"precision": 0.557427258805513, "recall": 0.9891304347826086, "f1-score": 0.7130264446620961, "support": 368}, "1.0": {"precision": 0.9518072289156626, "recall": 0.21467391304347827, "f1-score": 0.35033259423503327, "support": 368}, "accuracy": 0.6019021739130435, "macro avg": {"precision": 0.7546172438605878, "recall": 0.6019021739130435, "f1-score": 0.5316795194485646, "support": 736}, "weighted avg": {"precision": 0.7546172438605879, "recall": 0.6019021739130435, "f1-score": 0.5316795194485647, "support": 736}}