{"0.0": {"precision": 0.5919732441471572, "recall": 0.9672131147540983, "f1-score": 0.7344398340248962, "support": 366}, "1.0": {"precision": 0.9104477611940298, "recall": 0.3333333333333333, "f1-score": 0.488, "support": 366}, "accuracy": 0.6502732240437158, "macro avg": {"precision": 0.7512105026705935, "recall": 0.6502732240437158, "f1-score": 0.6112199170124482, "support": 732}, "weighted avg": {"precision": 0.7512105026705935, "recall": 0.6502732240437158, "f1-score": 0.6112199170124482, "support": 732}}