{"0.0": {"precision": 0.5791139240506329, "recall": 1.0, "f1-score": 0.7334669338677354, "support": 366}, "1.0": {"precision": 1.0, "recall": 0.273224043715847, "f1-score": 0.4291845493562232, "support": 366}, "accuracy": 0.6366120218579235, "macro avg": {"precision": 0.7895569620253164, "recall": 0.6366120218579235, "f1-score": 0.5813257416119793, "support": 732}, "weighted avg": {"precision": 0.7895569620253164, "recall": 0.6366120218579235, "f1-score": 0.5813257416119793, "support": 732}}