{"0.0": {"precision": 0.5800316957210776, "recall": 1.0, "f1-score": 0.7342026078234704, "support": 366}, "1.0": {"precision": 1.0, "recall": 0.27595628415300544, "f1-score": 0.43254817987152033, "support": 366}, "accuracy": 0.6379781420765027, "macro avg": {"precision": 0.7900158478605388, "recall": 0.6379781420765027, "f1-score": 0.5833753938474954, "support": 732}, "weighted avg": {"precision": 0.7900158478605388, "recall": 0.6379781420765027, "f1-score": 0.5833753938474954, "support": 732}}