{"0.0": {"precision": 0.5249643366619116, "recall": 1.0, "f1-score": 0.6884939195509823, "support": 368}, "1.0": {"precision": 1.0, "recall": 0.09510869565217392, "f1-score": 0.17369727047146405, "support": 368}, "accuracy": 0.5475543478260869, "macro avg": {"precision": 0.7624821683309557, "recall": 0.5475543478260869, "f1-score": 0.4310955950112232, "support": 736}, "weighted avg": {"precision": 0.7624821683309557, "recall": 0.5475543478260869, "f1-score": 0.4310955950112232, "support": 736}}