{"0.0": {"precision": 0.5842696629213483, "recall": 0.9891304347826086, "f1-score": 0.7346115035317861, "support": 368}, "1.0": {"precision": 0.9646017699115044, "recall": 0.296195652173913, "f1-score": 0.4532224532224532, "support": 368}, "accuracy": 0.6426630434782609, "macro avg": {"precision": 0.7744357164164264, "recall": 0.6426630434782609, "f1-score": 0.5939169783771197, "support": 736}, "weighted avg": {"precision": 0.7744357164164264, "recall": 0.6426630434782609, "f1-score": 0.5939169783771197, "support": 736}}