{"0.0": {"precision": 0.559463986599665, "recall": 0.907608695652174, "f1-score": 0.6922279792746113, "support": 368}, "1.0": {"precision": 0.7553956834532374, "recall": 0.28532608695652173, "f1-score": 0.4142011834319526, "support": 368}, "accuracy": 0.5964673913043478, "macro avg": {"precision": 0.6574298350264511, "recall": 0.5964673913043479, "f1-score": 0.5532145813532819, "support": 736}, "weighted avg": {"precision": 0.6574298350264511, "recall": 0.5964673913043478, "f1-score": 0.5532145813532819, "support": 736}}