{"0.0": {"precision": 0.5940099833610649, "recall": 0.9754098360655737, "f1-score": 0.7383660806618407, "support": 366}, "1.0": {"precision": 0.9312977099236641, "recall": 0.3333333333333333, "f1-score": 0.49094567404426565, "support": 366}, "accuracy": 0.6543715846994536, "macro avg": {"precision": 0.7626538466423645, "recall": 0.6543715846994536, "f1-score": 0.6146558773530532, "support": 732}, "weighted avg": {"precision": 0.7626538466423645, "recall": 0.6543715846994536, "f1-score": 0.6146558773530533, "support": 732}}