{"0.0": {"precision": 0.5219858156028369, "recall": 1.0, "f1-score": 0.6859273066169618, "support": 368}, "1.0": {"precision": 1.0, "recall": 0.08423913043478261, "f1-score": 0.15538847117794485, "support": 368}, "accuracy": 0.5421195652173914, "macro avg": {"precision": 0.7609929078014184, "recall": 0.5421195652173914, "f1-score": 0.4206578888974533, "support": 736}, "weighted avg": {"precision": 0.7609929078014185, "recall": 0.5421195652173914, "f1-score": 0.4206578888974533, "support": 736}}