{"0.0": {"precision": 0.5036284470246735, "recall": 0.9971264367816092, "f1-score": 0.6692381870781099, "support": 348}, "1.0": {"precision": 0.8571428571428571, "recall": 0.017241379310344827, "f1-score": 0.03380281690140845, "support": 348}, "accuracy": 0.507183908045977, "macro avg": {"precision": 0.6803856520837652, "recall": 0.507183908045977, "f1-score": 0.35152050198975915, "support": 696}, "weighted avg": {"precision": 0.6803856520837653, "recall": 0.507183908045977, "f1-score": 0.35152050198975915, "support": 696}}