{"0.0": {"precision": 0.5014409221902018, "recall": 1.0, "f1-score": 0.6679462571976968, "support": 348}, "1.0": {"precision": 1.0, "recall": 0.005747126436781609, "f1-score": 0.011428571428571429, "support": 348}, "accuracy": 0.5028735632183908, "macro avg": {"precision": 0.7507204610951008, "recall": 0.5028735632183908, "f1-score": 0.33968741431313415, "support": 696}, "weighted avg": {"precision": 0.7507204610951009, "recall": 0.5028735632183908, "f1-score": 0.33968741431313415, "support": 696}}