{"0.0": {"precision": 0.5087719298245614, "recall": 1.0, "f1-score": 0.6744186046511628, "support": 348}, "1.0": {"precision": 1.0, "recall": 0.034482758620689655, "f1-score": 0.06666666666666667, "support": 348}, "accuracy": 0.5172413793103449, "macro avg": {"precision": 0.7543859649122807, "recall": 0.5172413793103449, "f1-score": 0.3705426356589147, "support": 696}, "weighted avg": {"precision": 0.7543859649122807, "recall": 0.5172413793103449, "f1-score": 0.3705426356589147, "support": 696}}