{"0.0": {"precision": 0.5, "recall": 0.9971264367816092, "f1-score": 0.6660268714011516, "support": 348}, "1.0": {"precision": 0.5, "recall": 0.0028735632183908046, "f1-score": 0.005714285714285714, "support": 348}, "accuracy": 0.5, "macro avg": {"precision": 0.5, "recall": 0.5, "f1-score": 0.3358705785577186, "support": 696}, "weighted avg": {"precision": 0.5, "recall": 0.5, "f1-score": 0.3358705785577186, "support": 696}}