{"0.0": {"precision": 0.5007194244604316, "recall": 1.0, "f1-score": 0.6673058485139022, "support": 348}, "1.0": {"precision": 1.0, "recall": 0.0028735632183908046, "f1-score": 0.005730659025787966, "support": 348}, "accuracy": 0.5014367816091954, "macro avg": {"precision": 0.7503597122302158, "recall": 0.5014367816091954, "f1-score": 0.33651825376984507, "support": 696}, "weighted avg": {"precision": 0.7503597122302158, "recall": 0.5014367816091954, "f1-score": 0.33651825376984507, "support": 696}}