{"0.0": {"precision": 0.7610062893081762, "recall": 0.34971098265895956, "f1-score": 0.4792079207920792, "support": 346}, "1.0": {"precision": 0.5778611632270169, "recall": 0.8901734104046243, "f1-score": 0.7007963594994312, "support": 346}, "accuracy": 0.619942196531792, "macro avg": {"precision": 0.6694337262675965, "recall": 0.619942196531792, "f1-score": 0.5900021401457551, "support": 692}, "weighted avg": {"precision": 0.6694337262675965, "recall": 0.619942196531792, "f1-score": 0.5900021401457552, "support": 692}}