{"0.0": {"precision": 0.5096582466567607, "recall": 0.9913294797687862, "f1-score": 0.6732090284592738, "support": 346}, "1.0": {"precision": 0.8421052631578947, "recall": 0.046242774566473986, "f1-score": 0.08767123287671233, "support": 346}, "accuracy": 0.5187861271676301, "macro avg": {"precision": 0.6758817549073277, "recall": 0.5187861271676301, "f1-score": 0.38044013066799304, "support": 692}, "weighted avg": {"precision": 0.6758817549073277, "recall": 0.5187861271676301, "f1-score": 0.3804401306679931, "support": 692}}