{"0.0": {"precision": 0.5014492753623189, "recall": 1.0, "f1-score": 0.6679536679536681, "support": 346}, "1.0": {"precision": 1.0, "recall": 0.005780346820809248, "f1-score": 0.011494252873563216, "support": 346}, "accuracy": 0.5028901734104047, "macro avg": {"precision": 0.7507246376811594, "recall": 0.5028901734104047, "f1-score": 0.33972396041361563, "support": 692}, "weighted avg": {"precision": 0.7507246376811595, "recall": 0.5028901734104047, "f1-score": 0.33972396041361563, "support": 692}}