{"0.0": {"precision": 0.5007235890014472, "recall": 1.0, "f1-score": 0.6673095467695275, "support": 346}, "1.0": {"precision": 1.0, "recall": 0.002890173410404624, "f1-score": 0.005763688760806917, "support": 346}, "accuracy": 0.5014450867052023, "macro avg": {"precision": 0.7503617945007236, "recall": 0.5014450867052023, "f1-score": 0.3365366177651672, "support": 692}, "weighted avg": {"precision": 0.7503617945007235, "recall": 0.5014450867052023, "f1-score": 0.33653661776516725, "support": 692}}