{"0.0": {"precision": 0.4941348973607038, "recall": 0.9739884393063584, "f1-score": 0.6556420233463036, "support": 346}, "1.0": {"precision": 0.1, "recall": 0.002890173410404624, "f1-score": 0.0056179775280898875, "support": 346}, "accuracy": 0.4884393063583815, "macro avg": {"precision": 0.2970674486803519, "recall": 0.4884393063583815, "f1-score": 0.33063000043719676, "support": 692}, "weighted avg": {"precision": 0.2970674486803519, "recall": 0.4884393063583815, "f1-score": 0.33063000043719676, "support": 692}}