{"0.0": {"precision": 0.5089285714285714, "recall": 0.9884393063583815, "f1-score": 0.6719056974459724, "support": 346}, "1.0": {"precision": 0.8, "recall": 0.046242774566473986, "f1-score": 0.08743169398907104, "support": 346}, "accuracy": 0.5173410404624278, "macro avg": {"precision": 0.6544642857142857, "recall": 0.5173410404624278, "f1-score": 0.3796686957175217, "support": 692}, "weighted avg": {"precision": 0.6544642857142857, "recall": 0.5173410404624278, "f1-score": 0.3796686957175217, "support": 692}}