{"0.0": {"precision": 0.5583684950773559, "recall": 1.0, "f1-score": 0.7166064981949459, "support": 397}, "1.0": {"precision": 1.0, "recall": 0.20906801007556675, "f1-score": 0.34583333333333327, "support": 397}, "accuracy": 0.6045340050377834, "macro avg": {"precision": 0.7791842475386779, "recall": 0.6045340050377834, "f1-score": 0.5312199157641396, "support": 794}, "weighted avg": {"precision": 0.779184247538678, "recall": 0.6045340050377834, "f1-score": 0.5312199157641396, "support": 794}}