{"0.0": {"precision": 0.5460893854748603, "recall": 1.0, "f1-score": 0.7064137308039746, "support": 391}, "1.0": {"precision": 1.0, "recall": 0.16879795396419436, "f1-score": 0.28884026258205686, "support": 391}, "accuracy": 0.5843989769820972, "macro avg": {"precision": 0.7730446927374302, "recall": 0.5843989769820972, "f1-score": 0.49762699669301574, "support": 782}, "weighted avg": {"precision": 0.7730446927374302, "recall": 0.5843989769820972, "f1-score": 0.4976269966930158, "support": 782}}