{"0.0": {"precision": 0.5375170532060027, "recall": 0.9924433249370277, "f1-score": 0.6973451327433628, "support": 397}, "1.0": {"precision": 0.9508196721311475, "recall": 0.14609571788413098, "f1-score": 0.2532751091703057, "support": 397}, "accuracy": 0.5692695214105793, "macro avg": {"precision": 0.7441683626685751, "recall": 0.5692695214105793, "f1-score": 0.4753101209568343, "support": 794}, "weighted avg": {"precision": 0.7441683626685751, "recall": 0.5692695214105793, "f1-score": 0.4753101209568343, "support": 794}}