{"0.0": {"precision": 0.5792682926829268, "recall": 0.9718670076726342, "f1-score": 0.7258834765998089, "support": 391}, "1.0": {"precision": 0.9126984126984127, "recall": 0.29411764705882354, "f1-score": 0.4448742746615087, "support": 391}, "accuracy": 0.6329923273657289, "macro avg": {"precision": 0.7459833526906697, "recall": 0.6329923273657289, "f1-score": 0.5853788756306588, "support": 782}, "weighted avg": {"precision": 0.7459833526906696, "recall": 0.6329923273657289, "f1-score": 0.5853788756306588, "support": 782}}