{"0.0": {"precision": 0.5872534142640364, "recall": 0.989769820971867, "f1-score": 0.7371428571428571, "support": 391}, "1.0": {"precision": 0.967479674796748, "recall": 0.30434782608695654, "f1-score": 0.4630350194552529, "support": 391}, "accuracy": 0.6470588235294118, "macro avg": {"precision": 0.7773665445303922, "recall": 0.6470588235294118, "f1-score": 0.600088938299055, "support": 782}, "weighted avg": {"precision": 0.7773665445303922, "recall": 0.6470588235294118, "f1-score": 0.6000889382990551, "support": 782}}