{"0.0": {"precision": 0.5765230312035661, "recall": 0.9923273657289002, "f1-score": 0.7293233082706767, "support": 391}, "1.0": {"precision": 0.9724770642201835, "recall": 0.2710997442455243, "f1-score": 0.42400000000000004, "support": 391}, "accuracy": 0.6317135549872123, "macro avg": {"precision": 0.7745000477118749, "recall": 0.6317135549872123, "f1-score": 0.5766616541353384, "support": 782}, "weighted avg": {"precision": 0.7745000477118748, "recall": 0.6317135549872123, "f1-score": 0.5766616541353383, "support": 782}}