{"0.0": {"precision": 0.5846833578792342, "recall": 1.0, "f1-score": 0.7379182156133829, "support": 397}, "1.0": {"precision": 1.0, "recall": 0.28967254408060455, "f1-score": 0.44921875000000006, "support": 397}, "accuracy": 0.6448362720403022, "macro avg": {"precision": 0.7923416789396172, "recall": 0.6448362720403022, "f1-score": 0.5935684828066915, "support": 794}, "weighted avg": {"precision": 0.7923416789396172, "recall": 0.6448362720403022, "f1-score": 0.5935684828066914, "support": 794}}