{"0.0": {"precision": 0.5812591508052709, "recall": 1.0, "f1-score": 0.7351851851851853, "support": 397}, "1.0": {"precision": 1.0, "recall": 0.2795969773299748, "f1-score": 0.437007874015748, "support": 397}, "accuracy": 0.6397984886649875, "macro avg": {"precision": 0.7906295754026355, "recall": 0.6397984886649875, "f1-score": 0.5860965296004667, "support": 794}, "weighted avg": {"precision": 0.7906295754026355, "recall": 0.6397984886649875, "f1-score": 0.5860965296004665, "support": 794}}