{"0.0": {"precision": 0.5957820738137083, "recall": 0.853904282115869, "f1-score": 0.7018633540372672, "support": 397}, "1.0": {"precision": 0.7422222222222222, "recall": 0.42065491183879095, "f1-score": 0.5369774919614148, "support": 397}, "accuracy": 0.6372795969773299, "macro avg": {"precision": 0.6690021480179653, "recall": 0.6372795969773299, "f1-score": 0.619420422999341, "support": 794}, "weighted avg": {"precision": 0.6690021480179652, "recall": 0.6372795969773299, "f1-score": 0.619420422999341, "support": 794}}