{"0.0": {"precision": 0.552924791086351, "recall": 1.0, "f1-score": 0.7121076233183856, "support": 397}, "1.0": {"precision": 1.0, "recall": 0.19143576826196473, "f1-score": 0.321353065539112, "support": 397}, "accuracy": 0.5957178841309824, "macro avg": {"precision": 0.7764623955431755, "recall": 0.5957178841309824, "f1-score": 0.5167303444287488, "support": 794}, "weighted avg": {"precision": 0.7764623955431755, "recall": 0.5957178841309824, "f1-score": 0.5167303444287488, "support": 794}}