{"0.0": {"precision": 0.5795795795795796, "recall": 0.9872122762148338, "f1-score": 0.7303689687795649, "support": 391}, "1.0": {"precision": 0.9568965517241379, "recall": 0.28388746803069054, "f1-score": 0.43786982248520706, "support": 391}, "accuracy": 0.6355498721227621, "macro avg": {"precision": 0.7682380656518588, "recall": 0.6355498721227621, "f1-score": 0.584119395632386, "support": 782}, "weighted avg": {"precision": 0.7682380656518587, "recall": 0.6355498721227621, "f1-score": 0.584119395632386, "support": 782}}