{"0.0": {"precision": 0.5821114369501467, "recall": 1.0, "f1-score": 0.7358665430954588, "support": 397}, "1.0": {"precision": 1.0, "recall": 0.28211586901763225, "f1-score": 0.4400785854616896, "support": 397}, "accuracy": 0.6410579345088161, "macro avg": {"precision": 0.7910557184750733, "recall": 0.6410579345088161, "f1-score": 0.5879725642785743, "support": 794}, "weighted avg": {"precision": 0.7910557184750734, "recall": 0.6410579345088161, "f1-score": 0.5879725642785743, "support": 794}}