{"0.0": {"precision": 0.5382513661202186, "recall": 0.9924433249370277, "f1-score": 0.6979627989371125, "support": 397}, "1.0": {"precision": 0.9516129032258065, "recall": 0.1486146095717884, "f1-score": 0.25708061002178645, "support": 397}, "accuracy": 0.570528967254408, "macro avg": {"precision": 0.7449321346730126, "recall": 0.570528967254408, "f1-score": 0.4775217044794495, "support": 794}, "weighted avg": {"precision": 0.7449321346730126, "recall": 0.570528967254408, "f1-score": 0.4775217044794495, "support": 794}}