{"0.0": {"precision": 0.5839753466872111, "recall": 0.969309462915601, "f1-score": 0.7288461538461539, "support": 391}, "1.0": {"precision": 0.9097744360902256, "recall": 0.309462915601023, "f1-score": 0.4618320610687023, "support": 391}, "accuracy": 0.639386189258312, "macro avg": {"precision": 0.7468748913887183, "recall": 0.639386189258312, "f1-score": 0.5953391074574281, "support": 782}, "weighted avg": {"precision": 0.7468748913887182, "recall": 0.639386189258312, "f1-score": 0.5953391074574281, "support": 782}}