{"0.0": {"precision": 0.5453296703296703, "recall": 1.0, "f1-score": 0.7057777777777778, "support": 397}, "1.0": {"precision": 1.0, "recall": 0.16624685138539042, "f1-score": 0.28509719222462204, "support": 397}, "accuracy": 0.5831234256926953, "macro avg": {"precision": 0.7726648351648351, "recall": 0.5831234256926952, "f1-score": 0.49543748500119994, "support": 794}, "weighted avg": {"precision": 0.7726648351648351, "recall": 0.5831234256926953, "f1-score": 0.49543748500119994, "support": 794}}