{"0.0": {"precision": 0.5445816186556928, "recall": 1.0, "f1-score": 0.7051509769094139, "support": 397}, "1.0": {"precision": 1.0, "recall": 0.163727959697733, "f1-score": 0.28138528138528135, "support": 397}, "accuracy": 0.5818639798488665, "macro avg": {"precision": 0.7722908093278464, "recall": 0.5818639798488665, "f1-score": 0.49326812914734763, "support": 794}, "weighted avg": {"precision": 0.7722908093278464, "recall": 0.5818639798488665, "f1-score": 0.49326812914734763, "support": 794}}