{"0.0": {"precision": 0.5491573033707865, "recall": 1.0, "f1-score": 0.7089755213055304, "support": 391}, "1.0": {"precision": 1.0, "recall": 0.17902813299232737, "f1-score": 0.3036876355748373, "support": 391}, "accuracy": 0.5895140664961637, "macro avg": {"precision": 0.7745786516853932, "recall": 0.5895140664961637, "f1-score": 0.5063315784401838, "support": 782}, "weighted avg": {"precision": 0.7745786516853933, "recall": 0.5895140664961637, "f1-score": 0.5063315784401838, "support": 782}}