{"0.0": {"precision": 0.5488308115543329, "recall": 1.0, "f1-score": 0.7087033747779752, "support": 399}, "1.0": {"precision": 1.0, "recall": 0.17794486215538846, "f1-score": 0.3021276595744681, "support": 399}, "accuracy": 0.5889724310776943, "macro avg": {"precision": 0.7744154057771664, "recall": 0.5889724310776943, "f1-score": 0.5054155171762216, "support": 798}, "weighted avg": {"precision": 0.7744154057771665, "recall": 0.5889724310776943, "f1-score": 0.5054155171762216, "support": 798}}