{"0.0": {"precision": 0.5445816186556928, "recall": 0.9949874686716792, "f1-score": 0.7039007092198583, "support": 399}, "1.0": {"precision": 0.9710144927536232, "recall": 0.16791979949874686, "f1-score": 0.28632478632478636, "support": 399}, "accuracy": 0.581453634085213, "macro avg": {"precision": 0.757798055704658, "recall": 0.581453634085213, "f1-score": 0.4951127477723223, "support": 798}, "weighted avg": {"precision": 0.757798055704658, "recall": 0.581453634085213, "f1-score": 0.4951127477723223, "support": 798}}