{"0.0": {"precision": 0.5355704697986577, "recall": 1.0, "f1-score": 0.6975524475524476, "support": 399}, "1.0": {"precision": 1.0, "recall": 0.13283208020050125, "f1-score": 0.2345132743362832, "support": 399}, "accuracy": 0.5664160401002506, "macro avg": {"precision": 0.7677852348993288, "recall": 0.5664160401002506, "f1-score": 0.4660328609443654, "support": 798}, "weighted avg": {"precision": 0.7677852348993289, "recall": 0.5664160401002506, "f1-score": 0.46603286094436547, "support": 798}}