{"0.0": {"precision": 0.5334224598930482, "recall": 1.0, "f1-score": 0.6957279860505667, "support": 399}, "1.0": {"precision": 1.0, "recall": 0.12531328320802004, "f1-score": 0.22271714922049, "support": 399}, "accuracy": 0.5626566416040101, "macro avg": {"precision": 0.7667112299465241, "recall": 0.56265664160401, "f1-score": 0.4592225676355284, "support": 798}, "weighted avg": {"precision": 0.7667112299465241, "recall": 0.5626566416040101, "f1-score": 0.4592225676355283, "support": 798}}