{"0.0": {"precision": 0.5868167202572347, "recall": 0.9972677595628415, "f1-score": 0.7388663967611336, "support": 366}, "1.0": {"precision": 0.990909090909091, "recall": 0.2978142076502732, "f1-score": 0.45798319327731096, "support": 366}, "accuracy": 0.6475409836065574, "macro avg": {"precision": 0.7888629055831629, "recall": 0.6475409836065573, "f1-score": 0.5984247950192223, "support": 732}, "weighted avg": {"precision": 0.7888629055831629, "recall": 0.6475409836065574, "f1-score": 0.5984247950192223, "support": 732}}