{"0.0": {"precision": 0.6136865342163356, "recall": 0.6967418546365914, "f1-score": 0.6525821596244131, "support": 399}, "1.0": {"precision": 0.6492753623188405, "recall": 0.5614035087719298, "f1-score": 0.6021505376344085, "support": 399}, "accuracy": 0.6290726817042607, "macro avg": {"precision": 0.631480948267588, "recall": 0.6290726817042607, "f1-score": 0.6273663486294108, "support": 798}, "weighted avg": {"precision": 0.631480948267588, "recall": 0.6290726817042607, "f1-score": 0.6273663486294108, "support": 798}}