{"0.0": {"precision": 0.5849358974358975, "recall": 0.9972677595628415, "f1-score": 0.7373737373737373, "support": 366}, "1.0": {"precision": 0.9907407407407407, "recall": 0.2923497267759563, "f1-score": 0.45147679324894513, "support": 366}, "accuracy": 0.644808743169399, "macro avg": {"precision": 0.7878383190883191, "recall": 0.644808743169399, "f1-score": 0.5944252653113412, "support": 732}, "weighted avg": {"precision": 0.787838319088319, "recall": 0.644808743169399, "f1-score": 0.5944252653113413, "support": 732}}