{"0.0": {"precision": 0.5676100628930818, "recall": 0.9863387978142076, "f1-score": 0.7205588822355289, "support": 366}, "1.0": {"precision": 0.9479166666666666, "recall": 0.24863387978142076, "f1-score": 0.3939393939393939, "support": 366}, "accuracy": 0.6174863387978142, "macro avg": {"precision": 0.7577633647798743, "recall": 0.6174863387978142, "f1-score": 0.5572491380874613, "support": 732}, "weighted avg": {"precision": 0.7577633647798742, "recall": 0.6174863387978142, "f1-score": 0.5572491380874615, "support": 732}}