{"0.0": {"precision": 0.587378640776699, "recall": 0.9918032786885246, "f1-score": 0.7378048780487804, "support": 366}, "1.0": {"precision": 0.9736842105263158, "recall": 0.30327868852459017, "f1-score": 0.4625000000000001, "support": 366}, "accuracy": 0.6475409836065574, "macro avg": {"precision": 0.7805314256515075, "recall": 0.6475409836065573, "f1-score": 0.6001524390243902, "support": 732}, "weighted avg": {"precision": 0.7805314256515075, "recall": 0.6475409836065574, "f1-score": 0.6001524390243902, "support": 732}}