{"0.0": {"precision": 0.5390279823269514, "recall": 1.0, "f1-score": 0.7004784688995216, "support": 366}, "1.0": {"precision": 1.0, "recall": 0.1448087431693989, "f1-score": 0.2529832935560859, "support": 366}, "accuracy": 0.5724043715846995, "macro avg": {"precision": 0.7695139911634756, "recall": 0.5724043715846995, "f1-score": 0.4767308812278037, "support": 732}, "weighted avg": {"precision": 0.7695139911634756, "recall": 0.5724043715846995, "f1-score": 0.47673088122780377, "support": 732}}