{"0.0": {"precision": 0.5669291338582677, "recall": 0.9836065573770492, "f1-score": 0.7192807192807191, "support": 366}, "1.0": {"precision": 0.9381443298969072, "recall": 0.24863387978142076, "f1-score": 0.3930885529157667, "support": 366}, "accuracy": 0.6161202185792349, "macro avg": {"precision": 0.7525367318775875, "recall": 0.6161202185792349, "f1-score": 0.556184636098243, "support": 732}, "weighted avg": {"precision": 0.7525367318775875, "recall": 0.6161202185792349, "f1-score": 0.556184636098243, "support": 732}}