{"0.0": {"precision": 0.5367647058823529, "recall": 0.9972677595628415, "f1-score": 0.6978967495219885, "support": 366}, "1.0": {"precision": 0.9807692307692307, "recall": 0.13934426229508196, "f1-score": 0.24401913875598089, "support": 366}, "accuracy": 0.5683060109289617, "macro avg": {"precision": 0.7587669683257918, "recall": 0.5683060109289617, "f1-score": 0.47095794413898473, "support": 732}, "weighted avg": {"precision": 0.7587669683257917, "recall": 0.5683060109289617, "f1-score": 0.4709579441389847, "support": 732}}