{"0.0": {"precision": 0.5399188092016238, "recall": 1.0, "f1-score": 0.7012302284710018, "support": 399}, "1.0": {"precision": 1.0, "recall": 0.14786967418546365, "f1-score": 0.2576419213973799, "support": 399}, "accuracy": 0.5739348370927319, "macro avg": {"precision": 0.7699594046008119, "recall": 0.5739348370927319, "f1-score": 0.4794360749341908, "support": 798}, "weighted avg": {"precision": 0.7699594046008119, "recall": 0.5739348370927319, "f1-score": 0.4794360749341908, "support": 798}}