{"0.0": {"precision": 0.5447042640990372, "recall": 0.9924812030075187, "f1-score": 0.7033747779751331, "support": 399}, "1.0": {"precision": 0.9577464788732394, "recall": 0.17042606516290726, "f1-score": 0.2893617021276596, "support": 399}, "accuracy": 0.581453634085213, "macro avg": {"precision": 0.7512253714861383, "recall": 0.581453634085213, "f1-score": 0.49636824005139635, "support": 798}, "weighted avg": {"precision": 0.7512253714861382, "recall": 0.581453634085213, "f1-score": 0.49636824005139635, "support": 798}}