{"0.0": {"precision": 0.553968253968254, "recall": 1.0, "f1-score": 0.7129724208375894, "support": 349}, "1.0": {"precision": 1.0, "recall": 0.19484240687679083, "f1-score": 0.32613908872901676, "support": 349}, "accuracy": 0.5974212034383954, "macro avg": {"precision": 0.776984126984127, "recall": 0.5974212034383954, "f1-score": 0.5195557547833031, "support": 698}, "weighted avg": {"precision": 0.776984126984127, "recall": 0.5974212034383954, "f1-score": 0.5195557547833031, "support": 698}}