{"0.0": {"precision": 0.5259259259259259, "recall": 0.9943977591036415, "f1-score": 0.687984496124031, "support": 357}, "1.0": {"precision": 0.9487179487179487, "recall": 0.10364145658263306, "f1-score": 0.18686868686868685, "support": 357}, "accuracy": 0.5490196078431373, "macro avg": {"precision": 0.7373219373219373, "recall": 0.5490196078431373, "f1-score": 0.43742659149635893, "support": 714}, "weighted avg": {"precision": 0.7373219373219373, "recall": 0.5490196078431373, "f1-score": 0.43742659149635893, "support": 714}}