{"0.0": {"precision": 0.5201192250372578, "recall": 1.0, "f1-score": 0.684313725490196, "support": 349}, "1.0": {"precision": 1.0, "recall": 0.07736389684813753, "f1-score": 0.14361702127659573, "support": 349}, "accuracy": 0.5386819484240688, "macro avg": {"precision": 0.760059612518629, "recall": 0.5386819484240688, "f1-score": 0.41396537338339584, "support": 698}, "weighted avg": {"precision": 0.7600596125186289, "recall": 0.5386819484240688, "f1-score": 0.41396537338339584, "support": 698}}