{"0.0": {"precision": 0.536923076923077, "recall": 1.0, "f1-score": 0.6986986986986987, "support": 349}, "1.0": {"precision": 1.0, "recall": 0.13753581661891118, "f1-score": 0.24181360201511337, "support": 349}, "accuracy": 0.5687679083094556, "macro avg": {"precision": 0.7684615384615385, "recall": 0.5687679083094556, "f1-score": 0.47025615035690604, "support": 698}, "weighted avg": {"precision": 0.7684615384615385, "recall": 0.5687679083094556, "f1-score": 0.47025615035690604, "support": 698}}