{"0.0": {"precision": 0.5243722304283605, "recall": 0.9943977591036415, "f1-score": 0.6866537717601547, "support": 357}, "1.0": {"precision": 0.9459459459459459, "recall": 0.09803921568627451, "f1-score": 0.17766497461928935, "support": 357}, "accuracy": 0.5462184873949579, "macro avg": {"precision": 0.7351590881871533, "recall": 0.546218487394958, "f1-score": 0.43215937318972203, "support": 714}, "weighted avg": {"precision": 0.7351590881871531, "recall": 0.5462184873949579, "f1-score": 0.43215937318972203, "support": 714}}