{"0.0": {"precision": 0.5251479289940828, "recall": 0.9943977591036415, "f1-score": 0.6873184898354308, "support": 357}, "1.0": {"precision": 0.9473684210526315, "recall": 0.10084033613445378, "f1-score": 0.18227848101265823, "support": 357}, "accuracy": 0.5476190476190477, "macro avg": {"precision": 0.7362581750233572, "recall": 0.5476190476190477, "f1-score": 0.4347984854240445, "support": 714}, "weighted avg": {"precision": 0.7362581750233572, "recall": 0.5476190476190477, "f1-score": 0.43479848542404453, "support": 714}}