{"0.0": {"precision": 0.567043618739903, "recall": 0.9831932773109243, "f1-score": 0.7192622950819673, "support": 357}, "1.0": {"precision": 0.9368421052631579, "recall": 0.24929971988795518, "f1-score": 0.3938053097345133, "support": 357}, "accuracy": 0.6162464985994398, "macro avg": {"precision": 0.7519428620015305, "recall": 0.6162464985994398, "f1-score": 0.5565338024082402, "support": 714}, "weighted avg": {"precision": 0.7519428620015306, "recall": 0.6162464985994398, "f1-score": 0.5565338024082404, "support": 714}}