{"0.0": {"precision": 0.5385802469135802, "recall": 1.0, "f1-score": 0.700100300902708, "support": 349}, "1.0": {"precision": 1.0, "recall": 0.14326647564469913, "f1-score": 0.2506265664160401, "support": 349}, "accuracy": 0.5716332378223495, "macro avg": {"precision": 0.7692901234567902, "recall": 0.5716332378223495, "f1-score": 0.47536343365937406, "support": 698}, "weighted avg": {"precision": 0.7692901234567902, "recall": 0.5716332378223495, "f1-score": 0.47536343365937406, "support": 698}}