{"0.0": {"precision": 0.4900763358778626, "recall": 0.9197707736389685, "f1-score": 0.6394422310756972, "support": 349}, "1.0": {"precision": 0.3488372093023256, "recall": 0.04297994269340974, "f1-score": 0.07653061224489796, "support": 349}, "accuracy": 0.4813753581661891, "macro avg": {"precision": 0.41945677259009406, "recall": 0.48137535816618915, "f1-score": 0.3579864216602976, "support": 698}, "weighted avg": {"precision": 0.4194567725900941, "recall": 0.4813753581661891, "f1-score": 0.3579864216602976, "support": 698}}