{"0.0": {"precision": 0.5584, "recall": 1.0, "f1-score": 0.7166324435318275, "support": 349}, "1.0": {"precision": 1.0, "recall": 0.20916905444126074, "f1-score": 0.3459715639810426, "support": 349}, "accuracy": 0.6045845272206304, "macro avg": {"precision": 0.7792, "recall": 0.6045845272206304, "f1-score": 0.5313020037564351, "support": 698}, "weighted avg": {"precision": 0.7791999999999999, "recall": 0.6045845272206304, "f1-score": 0.5313020037564351, "support": 698}}