{"0.0": {"precision": 0.6170212765957447, "recall": 0.7478510028653295, "f1-score": 0.6761658031088084, "support": 349}, "1.0": {"precision": 0.68, "recall": 0.5358166189111748, "f1-score": 0.5993589743589743, "support": 349}, "accuracy": 0.6418338108882522, "macro avg": {"precision": 0.6485106382978724, "recall": 0.6418338108882522, "f1-score": 0.6377623887338913, "support": 698}, "weighted avg": {"precision": 0.6485106382978724, "recall": 0.6418338108882522, "f1-score": 0.6377623887338913, "support": 698}}