{"0.0": {"precision": 0.565008025682183, "recall": 0.9859943977591037, "f1-score": 0.7183673469387756, "support": 357}, "1.0": {"precision": 0.945054945054945, "recall": 0.24089635854341737, "f1-score": 0.38392857142857145, "support": 357}, "accuracy": 0.6134453781512605, "macro avg": {"precision": 0.755031485368564, "recall": 0.6134453781512605, "f1-score": 0.5511479591836735, "support": 714}, "weighted avg": {"precision": 0.755031485368564, "recall": 0.6134453781512605, "f1-score": 0.5511479591836734, "support": 714}}