{"0.0": {"precision": 0.5305514157973175, "recall": 0.9971988795518207, "f1-score": 0.6926070038910506, "support": 357}, "1.0": {"precision": 0.9767441860465116, "recall": 0.11764705882352941, "f1-score": 0.21, "support": 357}, "accuracy": 0.5574229691876751, "macro avg": {"precision": 0.7536478009219145, "recall": 0.5574229691876751, "f1-score": 0.45130350194552526, "support": 714}, "weighted avg": {"precision": 0.7536478009219146, "recall": 0.5574229691876751, "f1-score": 0.45130350194552526, "support": 714}}