{"0.0": {"precision": 0.5581761006289309, "recall": 0.9943977591036415, "f1-score": 0.7150050352467271, "support": 357}, "1.0": {"precision": 0.9743589743589743, "recall": 0.21288515406162464, "f1-score": 0.34942528735632183, "support": 357}, "accuracy": 0.603641456582633, "macro avg": {"precision": 0.7662675374939526, "recall": 0.603641456582633, "f1-score": 0.5322151613015245, "support": 714}, "weighted avg": {"precision": 0.7662675374939526, "recall": 0.603641456582633, "f1-score": 0.5322151613015245, "support": 714}}