{"0.0": {"precision": 0.553125, "recall": 0.9915966386554622, "f1-score": 0.7101303911735206, "support": 357}, "1.0": {"precision": 0.9594594594594594, "recall": 0.19887955182072828, "f1-score": 0.3294663573085847, "support": 357}, "accuracy": 0.5952380952380952, "macro avg": {"precision": 0.7562922297297296, "recall": 0.5952380952380952, "f1-score": 0.5197983742410527, "support": 714}, "weighted avg": {"precision": 0.7562922297297298, "recall": 0.5952380952380952, "f1-score": 0.5197983742410527, "support": 714}}