{"0.0": {"precision": 0.5320121951219512, "recall": 1.0, "f1-score": 0.6945273631840796, "support": 349}, "1.0": {"precision": 1.0, "recall": 0.12034383954154727, "f1-score": 0.21483375959079284, "support": 349}, "accuracy": 0.5601719197707736, "macro avg": {"precision": 0.7660060975609756, "recall": 0.5601719197707736, "f1-score": 0.45468056138743623, "support": 698}, "weighted avg": {"precision": 0.7660060975609756, "recall": 0.5601719197707736, "f1-score": 0.45468056138743623, "support": 698}}