{"0.0": {"precision": 0.5575079872204473, "recall": 1.0, "f1-score": 0.7158974358974358, "support": 349}, "1.0": {"precision": 1.0, "recall": 0.20630372492836677, "f1-score": 0.342042755344418, "support": 349}, "accuracy": 0.6031518624641834, "macro avg": {"precision": 0.7787539936102237, "recall": 0.6031518624641834, "f1-score": 0.5289700956209269, "support": 698}, "weighted avg": {"precision": 0.7787539936102236, "recall": 0.6031518624641834, "f1-score": 0.528970095620927, "support": 698}}