{"0.0": {"precision": 0.5022354694485842, "recall": 0.9960591133004926, "f1-score": 0.66776750330251, "support": 1015}, "1.0": {"precision": 0.7647058823529411, "recall": 0.012807881773399015, "f1-score": 0.025193798449612403, "support": 1015}, "accuracy": 0.5044334975369458, "macro avg": {"precision": 0.6334706759007627, "recall": 0.5044334975369458, "f1-score": 0.3464806508760612, "support": 2030}, "weighted avg": {"precision": 0.6334706759007627, "recall": 0.5044334975369458, "f1-score": 0.3464806508760612, "support": 2030}}