{"0.0": {"precision": 0.5027295285359802, "recall": 0.9980295566502463, "f1-score": 0.6686468646864687, "support": 1015}, "1.0": {"precision": 0.8666666666666667, "recall": 0.012807881773399015, "f1-score": 0.025242718446601944, "support": 1015}, "accuracy": 0.5054187192118227, "macro avg": {"precision": 0.6846980976013235, "recall": 0.5054187192118227, "f1-score": 0.34694479156653535, "support": 2030}, "weighted avg": {"precision": 0.6846980976013235, "recall": 0.5054187192118227, "f1-score": 0.34694479156653535, "support": 2030}}