{"0.0": {"precision": 0.5024826216484608, "recall": 0.9970443349753695, "f1-score": 0.6682073291515351, "support": 1015}, "1.0": {"precision": 0.8125, "recall": 0.012807881773399015, "f1-score": 0.025218234723569353, "support": 1015}, "accuracy": 0.5049261083743842, "macro avg": {"precision": 0.6574913108242304, "recall": 0.5049261083743842, "f1-score": 0.34671278193755223, "support": 2030}, "weighted avg": {"precision": 0.6574913108242304, "recall": 0.5049261083743842, "f1-score": 0.34671278193755223, "support": 2030}}