{"0.0": {"precision": 0.5042994436014163, "recall": 1.0, "f1-score": 0.6704774714189644, "support": 997}, "1.0": {"precision": 1.0, "recall": 0.017051153460381142, "f1-score": 0.03353057199211045, "support": 997}, "accuracy": 0.5085255767301906, "macro avg": {"precision": 0.7521497218007082, "recall": 0.5085255767301906, "f1-score": 0.3520040217055374, "support": 1994}, "weighted avg": {"precision": 0.7521497218007082, "recall": 0.5085255767301906, "f1-score": 0.3520040217055374, "support": 1994}}