{"0.0": {"precision": 0.5022692889561271, "recall": 0.9989969909729187, "f1-score": 0.6684563758389261, "support": 997}, "1.0": {"precision": 0.9090909090909091, "recall": 0.010030090270812437, "f1-score": 0.01984126984126984, "support": 997}, "accuracy": 0.5045135406218656, "macro avg": {"precision": 0.7056800990235181, "recall": 0.5045135406218656, "f1-score": 0.344148822840098, "support": 1994}, "weighted avg": {"precision": 0.705680099023518, "recall": 0.5045135406218656, "f1-score": 0.344148822840098, "support": 1994}}