{"0.0": {"precision": 0.5412445730824892, "recall": 0.9946808510638298, "f1-score": 0.7010309278350516, "support": 376}, "1.0": {"precision": 0.9672131147540983, "recall": 0.15691489361702127, "f1-score": 0.27002288329519447, "support": 376}, "accuracy": 0.5757978723404256, "macro avg": {"precision": 0.7542288439182938, "recall": 0.5757978723404256, "f1-score": 0.485526905565123, "support": 752}, "weighted avg": {"precision": 0.7542288439182937, "recall": 0.5757978723404256, "f1-score": 0.485526905565123, "support": 752}}