{"0.0": {"precision": 0.5656108597285068, "recall": 0.9973404255319149, "f1-score": 0.7218479307025987, "support": 376}, "1.0": {"precision": 0.9887640449438202, "recall": 0.23404255319148937, "f1-score": 0.37849462365591396, "support": 376}, "accuracy": 0.6156914893617021, "macro avg": {"precision": 0.7771874523361635, "recall": 0.6156914893617021, "f1-score": 0.5501712771792563, "support": 752}, "weighted avg": {"precision": 0.7771874523361635, "recall": 0.6156914893617021, "f1-score": 0.5501712771792563, "support": 752}}