{"0.0": {"precision": 0.5793528505392912, "recall": 0.9817232375979112, "f1-score": 0.7286821705426357, "support": 383}, "1.0": {"precision": 0.9401709401709402, "recall": 0.28720626631853785, "f1-score": 0.43999999999999995, "support": 383}, "accuracy": 0.6344647519582245, "macro avg": {"precision": 0.7597618953551157, "recall": 0.6344647519582245, "f1-score": 0.5843410852713178, "support": 766}, "weighted avg": {"precision": 0.7597618953551157, "recall": 0.6344647519582245, "f1-score": 0.5843410852713179, "support": 766}}