{"0.0": {"precision": 0.5101763907734057, "recall": 1.0, "f1-score": 0.6756513926325247, "support": 376}, "1.0": {"precision": 1.0, "recall": 0.0398936170212766, "f1-score": 0.07672634271099744, "support": 376}, "accuracy": 0.5199468085106383, "macro avg": {"precision": 0.7550881953867028, "recall": 0.5199468085106383, "f1-score": 0.3761888676717611, "support": 752}, "weighted avg": {"precision": 0.7550881953867028, "recall": 0.5199468085106383, "f1-score": 0.3761888676717611, "support": 752}}