{"0.0": {"precision": 0.5490483162518301, "recall": 0.9973404255319149, "f1-score": 0.708215297450425, "support": 376}, "1.0": {"precision": 0.9855072463768116, "recall": 0.18085106382978725, "f1-score": 0.30561797752808995, "support": 376}, "accuracy": 0.589095744680851, "macro avg": {"precision": 0.7672777813143209, "recall": 0.5890957446808511, "f1-score": 0.5069166374892575, "support": 752}, "weighted avg": {"precision": 0.767277781314321, "recall": 0.589095744680851, "f1-score": 0.5069166374892574, "support": 752}}