{"0.0": {"precision": 0.5482456140350878, "recall": 0.9973404255319149, "f1-score": 0.7075471698113207, "support": 376}, "1.0": {"precision": 0.9852941176470589, "recall": 0.17819148936170212, "f1-score": 0.30180180180180183, "support": 376}, "accuracy": 0.5877659574468085, "macro avg": {"precision": 0.7667698658410733, "recall": 0.5877659574468085, "f1-score": 0.5046744858065613, "support": 752}, "weighted avg": {"precision": 0.7667698658410733, "recall": 0.5877659574468085, "f1-score": 0.5046744858065613, "support": 752}}