{"0.0": {"precision": 0.5634441087613293, "recall": 0.9920212765957447, "f1-score": 0.7186897880539498, "support": 376}, "1.0": {"precision": 0.9666666666666667, "recall": 0.23138297872340424, "f1-score": 0.37339055793991416, "support": 376}, "accuracy": 0.6117021276595744, "macro avg": {"precision": 0.7650553877139981, "recall": 0.6117021276595744, "f1-score": 0.546040172996932, "support": 752}, "weighted avg": {"precision": 0.7650553877139981, "recall": 0.6117021276595744, "f1-score": 0.546040172996932, "support": 752}}