{"0.0": {"precision": 0.5962145110410094, "recall": 0.9869451697127938, "f1-score": 0.743362831858407, "support": 383}, "1.0": {"precision": 0.9621212121212122, "recall": 0.33159268929503916, "f1-score": 0.49320388349514566, "support": 383}, "accuracy": 0.6592689295039165, "macro avg": {"precision": 0.7791678615811108, "recall": 0.6592689295039165, "f1-score": 0.6182833576767763, "support": 766}, "weighted avg": {"precision": 0.7791678615811107, "recall": 0.6592689295039165, "f1-score": 0.6182833576767763, "support": 766}}