{"0.0": {"precision": 0.5984251968503937, "recall": 0.9921671018276762, "f1-score": 0.7465618860510806, "support": 383}, "1.0": {"precision": 0.9770992366412213, "recall": 0.3342036553524804, "f1-score": 0.4980544747081712, "support": 383}, "accuracy": 0.6631853785900783, "macro avg": {"precision": 0.7877622167458076, "recall": 0.6631853785900783, "f1-score": 0.622308180379626, "support": 766}, "weighted avg": {"precision": 0.7877622167458075, "recall": 0.6631853785900783, "f1-score": 0.622308180379626, "support": 766}}