{"0.0": {"precision": 0.5775729646697388, "recall": 0.9817232375979112, "f1-score": 0.7272727272727273, "support": 383}, "1.0": {"precision": 0.9391304347826087, "recall": 0.2819843342036554, "f1-score": 0.4337349397590362, "support": 383}, "accuracy": 0.6318537859007833, "macro avg": {"precision": 0.7583516997261738, "recall": 0.6318537859007833, "f1-score": 0.5805038335158818, "support": 766}, "weighted avg": {"precision": 0.7583516997261738, "recall": 0.6318537859007833, "f1-score": 0.5805038335158818, "support": 766}}