{"0.0": {"precision": 0.5690936106983655, "recall": 1.0, "f1-score": 0.7253787878787878, "support": 383}, "1.0": {"precision": 1.0, "recall": 0.24281984334203655, "f1-score": 0.3907563025210084, "support": 383}, "accuracy": 0.6214099216710183, "macro avg": {"precision": 0.7845468053491828, "recall": 0.6214099216710183, "f1-score": 0.5580675451998981, "support": 766}, "weighted avg": {"precision": 0.7845468053491828, "recall": 0.6214099216710183, "f1-score": 0.5580675451998982, "support": 766}}