{"0.0": {"precision": 0.5458515283842795, "recall": 0.9973404255319149, "f1-score": 0.7055503292568204, "support": 376}, "1.0": {"precision": 0.9846153846153847, "recall": 0.1702127659574468, "f1-score": 0.29024943310657597, "support": 376}, "accuracy": 0.5837765957446809, "macro avg": {"precision": 0.7652334564998321, "recall": 0.5837765957446809, "f1-score": 0.49789988118169815, "support": 752}, "weighted avg": {"precision": 0.7652334564998321, "recall": 0.5837765957446809, "f1-score": 0.4978998811816982, "support": 752}}