{"0.0": {"precision": 0.5658093797276853, "recall": 0.9946808510638298, "f1-score": 0.7213114754098361, "support": 376}, "1.0": {"precision": 0.978021978021978, "recall": 0.23670212765957446, "f1-score": 0.3811563169164882, "support": 376}, "accuracy": 0.6156914893617021, "macro avg": {"precision": 0.7719156788748316, "recall": 0.6156914893617021, "f1-score": 0.5512338961631622, "support": 752}, "weighted avg": {"precision": 0.7719156788748316, "recall": 0.6156914893617021, "f1-score": 0.5512338961631621, "support": 752}}