{"0.0": {"precision": 0.5934065934065934, "recall": 0.9869451697127938, "f1-score": 0.7411764705882354, "support": 383}, "1.0": {"precision": 0.9612403100775194, "recall": 0.3237597911227154, "f1-score": 0.48437500000000006, "support": 383}, "accuracy": 0.6553524804177546, "macro avg": {"precision": 0.7773234517420564, "recall": 0.6553524804177546, "f1-score": 0.6127757352941178, "support": 766}, "weighted avg": {"precision": 0.7773234517420565, "recall": 0.6553524804177546, "f1-score": 0.6127757352941178, "support": 766}}