{"0.0": {"precision": 0.5657311669128509, "recall": 1.0, "f1-score": 0.7226415094339623, "support": 383}, "1.0": {"precision": 1.0, "recall": 0.23237597911227154, "f1-score": 0.3771186440677966, "support": 383}, "accuracy": 0.6161879895561357, "macro avg": {"precision": 0.7828655834564254, "recall": 0.6161879895561357, "f1-score": 0.5498800767508795, "support": 766}, "weighted avg": {"precision": 0.7828655834564255, "recall": 0.6161879895561357, "f1-score": 0.5498800767508794, "support": 766}}