{"0.0": {"precision": 0.5083969465648855, "recall": 0.9910714285714286, "f1-score": 0.6720484359233098, "support": 336}, "1.0": {"precision": 0.8235294117647058, "recall": 0.041666666666666664, "f1-score": 0.07932011331444759, "support": 336}, "accuracy": 0.5163690476190477, "macro avg": {"precision": 0.6659631791647957, "recall": 0.5163690476190477, "f1-score": 0.37568427461887866, "support": 672}, "weighted avg": {"precision": 0.6659631791647956, "recall": 0.5163690476190477, "f1-score": 0.3756842746188787, "support": 672}}