{"0.0": {"precision": 0.5099236641221374, "recall": 0.9940476190476191, "f1-score": 0.6740665993945509, "support": 336}, "1.0": {"precision": 0.8823529411764706, "recall": 0.044642857142857144, "f1-score": 0.08498583569405099, "support": 336}, "accuracy": 0.5193452380952381, "macro avg": {"precision": 0.696138302649304, "recall": 0.5193452380952381, "f1-score": 0.37952621754430094, "support": 672}, "weighted avg": {"precision": 0.696138302649304, "recall": 0.5193452380952381, "f1-score": 0.37952621754430094, "support": 672}}