{"0.0": {"precision": 0.5037481259370314, "recall": 1.0, "f1-score": 0.6699900299102692, "support": 336}, "1.0": {"precision": 1.0, "recall": 0.01488095238095238, "f1-score": 0.029325513196480937, "support": 336}, "accuracy": 0.5074404761904762, "macro avg": {"precision": 0.7518740629685157, "recall": 0.5074404761904762, "f1-score": 0.3496577715533751, "support": 672}, "weighted avg": {"precision": 0.7518740629685157, "recall": 0.5074404761904762, "f1-score": 0.3496577715533751, "support": 672}}