{"0.0": {"precision": 0.5029940119760479, "recall": 1.0, "f1-score": 0.6693227091633466, "support": 336}, "1.0": {"precision": 1.0, "recall": 0.011904761904761904, "f1-score": 0.023529411764705882, "support": 336}, "accuracy": 0.5059523809523809, "macro avg": {"precision": 0.7514970059880239, "recall": 0.5059523809523809, "f1-score": 0.34642606046402624, "support": 672}, "weighted avg": {"precision": 0.7514970059880239, "recall": 0.5059523809523809, "f1-score": 0.34642606046402624, "support": 672}}