{"0.0": {"precision": 0.506079027355623, "recall": 0.9910714285714286, "f1-score": 0.670020120724346, "support": 336}, "1.0": {"precision": 0.7857142857142857, "recall": 0.03273809523809524, "f1-score": 0.06285714285714286, "support": 336}, "accuracy": 0.5119047619047619, "macro avg": {"precision": 0.6458966565349544, "recall": 0.511904761904762, "f1-score": 0.36643863179074443, "support": 672}, "weighted avg": {"precision": 0.6458966565349543, "recall": 0.5119047619047619, "f1-score": 0.36643863179074443, "support": 672}}